Ticker,Name,Yahoo,ISIN,Symbol,YahooSymbol,Sektor,Country,Sector,Industry,Currency,MarketRegimeStock,MarketTrend200Stock,MarketRegimeCrypto,MarketTrend200Crypto,MarketDate,Akt. Kurs,Perf %,SMA200,Trend200,RS3M,Volatility,DownsideDev,MaxDrawdown,AvgVolume,DollarVolume,Score,OpportunityScore,RiskScore,ConfidenceScore,ConfidenceLabel,ConfidenceBreakdown,ScoreDiversificationPenalty,ScoreDiversificationBreakdown,ScoreError,ScoreMarketRegime,ScoreAssetClass,ScoreRiskMult,ScoreOppW,ScoreRiskW,ScoreMarketTrend200,ticker,name,isin,symbol,yahoo_symbol,category,sector,industry,country,currency,price,perf_pct,score,confidence,diversification_penalty,rs3m,trend200,sma200,volatility,downside_dev,max_drawdown,avg_volume,dollar_volume,regime_stock,trend200_stock,regime_crypto,trend200_crypto,market_date,trend_ok,liquidity_ok,is_crypto,score_status,crypto_base,quote_currency,asset_id,ticker_display,cycle,cluster_official,pillar_primary,bucket_type,pillar_confidence,pillar_reason,pillar_tags,TrendOK,LiquidityOK
VALE3.SA,VALE S.A.,VALE3.SA,BRVALEACNOR0,VALE3.SA,VALE3.SA,Fundament,,,,BRL,bull,0.05534841749971964,bear,-0.31687944796652057,2026-02-16,87.02999877929688,79.54767261373684,59.30306554794311,0.4675463734490779,0.40106848361924596,0.23651835839551744,0.16412407531184875,0.15391230721507998,36934720.0,3214428636.513672,31.02,54.87,22.12,80.4,HIGH,"{""coverage"": 1.0, ""confluence"": 0.4, ""risk_clean"": 1.0, ""regime_align"": 0.8394706559263522, ""liquidity"": 0.8625, ""weights"": {""coverage"": 0.25, ""confluence"": 0.25, ""risk_clean"": 0.2, ""regime_align"": 0.2, ""liquidity"": 0.1}}",0.0,"{""penalty_points"": 0.0, ""label"": ""low"", ""category"": ""Fundament"", ""category_share"": 0.038, ""category_penalty"": 0.0, ""crypto_share"": 0.0, ""crypto_penalty"": 0.0}",,bull,stock,,,,0.05534841749971964,VALE3.SA,VALE S.A.,BRVALEACNOR0,VALE3.SA,VALE3.SA,Fundament,,,,BRL,87.02999877929688,79.54767261373684,31.02,80.4,0.0,0.40106848361924596,0.4675463734490779,59.30306554794311,0.23651835839551744,0.16412407531184875,0.15391230721507998,36934720.0,3214428636.513672,bull,0.05534841749971964,bear,-0.31687944796652057,2026-02-16,True,True,False,OK,,,VALE3.SA,VALE3.SA,50.0,,Fundament,pillar,,derived from legacy category,,True,True
6503.T,MITSUBISHI EL.,6503.T,JP3902400005,6503.T,6503.T,Hardware üíª,,,,JPY,bull,0.05534841749971964,bear,-0.31687944796652057,2026-02-16,5519.0,134.059057351542,3814.2034887695313,0.44696003143252305,0.25793435216786254,0.38394129959586576,0.2182699478693862,0.24084534131059132,7038880.0,38847578720.0,27.99,53.51,32.33,80.1,HIGH,"{""coverage"": 1.0, ""confluence"": 0.4, ""risk_clean"": 1.0, ""regime_align"": 0.7696860101923393, ""liquidity"": 0.975, ""weights"": {""coverage"": 0.25, ""confluence"": 0.25, ""risk_clean"": 0.2, ""regime_align"": 0.2, ""liquidity"": 0.1}}",0.0,"{""penalty_points"": 0.0, ""label"": ""low"", ""category"": ""Hardware üíª"", ""category_share"": 0.0886, ""category_penalty"": 0.0, ""crypto_share"": 0.0, ""crypto_penalty"": 0.0}",,bull,stock,,,,0.05534841749971964,6503.T,MITSUBISHI EL.,JP3902400005,6503.T,6503.T,Hardware üíª,,,,JPY,5519.0,134.059057351542,27.99,80.1,0.0,0.25793435216786254,0.44696003143252305,3814.2034887695313,0.38394129959586576,0.2182699478693862,0.24084534131059132,7038880.0,38847578720.0,bull,0.05534841749971964,bear,-0.31687944796652057,2026-02-16,True,True,False,OK,,,6503.T,6503.T,50.0,,Hardware,pillar,,derived from legacy category,,True,True
ENR.DE,SIEMENS ENERGY,ENR.DE,DE000ENER6Y0,ENR.DE,ENR.DE,Energie,,,,USD,bull,0.05534841749971964,bear,-0.31687944796652057,2026-02-16,164.3000030517578,158.33334432957832,104.5485001373291,0.5715194654724118,0.5186546626593727,0.48739192774039836,0.35104987487328426,0.23647794751048412,2403519.85,394898318.6899605,27.43,56.21,43.39,79.6,HIGH,"{""coverage"": 1.0, ""confluence"": 0.4, ""risk_clean"": 1.0, ""regime_align"": 0.9164063784316949, ""liquidity"": 0.625, ""weights"": {""coverage"": 0.25, ""confluence"": 0.25, ""risk_clean"": 0.2, ""regime_align"": 0.2, ""liquidity"": 0.1}}",0.0,"{""penalty_points"": 0.0, ""label"": ""low"", ""category"": ""Energie"", ""category_share"": 0.0886, ""category_penalty"": 0.0, ""crypto_share"": 0.0, ""crypto_penalty"": 0.0}",,bull,stock,,,,0.05534841749971964,ENR.DE,SIEMENS ENERGY,DE000ENER6Y0,ENR.DE,ENR.DE,Energie,,,,USD,164.3000030517578,158.33334432957832,27.43,79.6,0.0,0.5186546626593727,0.5715194654724118,104.5485001373291,0.48739192774039836,0.35104987487328426,0.23647794751048412,2403519.85,394898318.6899605,bull,0.05534841749971964,bear,-0.31687944796652057,2026-02-16,True,True,False,OK,,,ENR.DE,ENR.DE,50.0,,Energie,pillar,,derived from legacy category,,True,True
2899.HK,ZIJIN MINING,2899.HK,CNE100000502,2899.HK,2899.HK,Fundament,,,,HKD,bull,0.05534841749971964,bear,-0.31687944796652057,2026-02-16,43.52000045776367,180.53067070542718,28.28434868812561,0.5386601592857014,0.274115572847796,0.46903862274918634,0.3593579932523071,0.22653721597432452,97171963.05,4228923876.4177947,26.97,54.34,39.77,80.4,HIGH,"{""coverage"": 1.0, ""confluence"": 0.4, ""risk_clean"": 1.0, ""regime_align"": 0.8213052770014795, ""liquidity"": 0.9, ""weights"": {""coverage"": 0.25, ""confluence"": 0.25, ""risk_clean"": 0.2, ""regime_align"": 0.2, ""liquidity"": 0.1}}",0.0,"{""penalty_points"": 0.0, ""label"": ""low"", ""category"": ""Fundament"", ""category_share"": 0.038, ""category_penalty"": 0.0, ""crypto_share"": 0.0, ""crypto_penalty"": 0.0}",,bull,stock,,,,0.05534841749971964,2899.HK,ZIJIN MINING,CNE100000502,2899.HK,2899.HK,Fundament,,,,HKD,43.52000045776367,180.53067070542718,26.97,80.4,0.0,0.274115572847796,0.5386601592857014,28.28434868812561,0.46903862274918634,0.3593579932523071,0.22653721597432452,97171963.05,4228923876.4177947,bull,0.05534841749971964,bear,-0.31687944796652057,2026-02-16,True,True,False,OK,,,2899.HK,2899.HK,50.0,,Fundament,pillar,,derived from legacy category,,True,True
ABBN.SW,ABB LTD. NA,ABBN.SW,CH0012221716,ABBN.SW,ABBN.SW,Hardware üíª,,,,CHF,bull,0.05534841749971964,bear,-0.31687944796652057,2026-02-16,70.4800033569336,38.559902926600984,54.90335000991821,0.28371043559639775,0.22790215150325066,0.2782384900078297,0.17728302281967034,0.2456562423148082,2931973.6,206645509.17044067,26.81,51.73,32.46,63.7,MED,"{""coverage"": 1.0, ""confluence"": 0.0, ""risk_clean"": 1.0, ""regime_align"": 0.6599539700805523, ""liquidity"": 0.55, ""weights"": {""coverage"": 0.25, ""confluence"": 0.25, ""risk_clean"": 0.2, ""regime_align"": 0.2, ""liquidity"": 0.1}}",0.0,"{""penalty_points"": 0.0, ""label"": ""low"", ""category"": ""Hardware üíª"", ""category_share"": 0.0886, ""category_penalty"": 0.0, ""crypto_share"": 0.0, ""crypto_penalty"": 0.0}",,bull,stock,,,,0.05534841749971964,ABBN.SW,ABB LTD. NA,CH0012221716,ABBN.SW,ABBN.SW,Hardware üíª,Industrials,Electrical Equipment & Parts,Switzerland,CHF,70.4800033569336,38.559902926600984,26.81,63.7,0.0,0.22790215150325066,0.28371043559639775,54.90335000991821,0.2782384900078297,0.17728302281967034,0.2456562423148082,2931973.6,206645509.17044067,bull,0.05534841749971964,bear,-0.31687944796652057,2026-02-16,True,True,False,OK,,,ABBN.SW,ABBN.SW,50.0,Electrical Equipment & Parts,Hardware,pillar,50,heuristic from official taxonomy,"robotics, automation",True,True
PFE,PFIZER INC.,PFE,US7170811035,PFE,PFE,Pharma & Gesundheit,,,,USD,bull,0.05534841749971964,bear,-0.31687944796652057,2026-02-16,27.579999923706055,15.87127813080389,24.0584192943573,0.14637622639550196,0.06987419800981609,0.26499236700154616,0.175802977541605,0.19259539388167524,54818995.0,1511907877.9176426,26.47,48.99,25.57,63.0,MED,"{""coverage"": 1.0, ""confluence"": 0.0, ""risk_clean"": 1.0, ""regime_align"": 0.5064113102087786, ""liquidity"": 0.7875, ""weights"": {""coverage"": 0.25, ""confluence"": 0.25, ""risk_clean"": 0.2, ""regime_align"": 0.2, ""liquidity"": 0.1}}",0.0,"{""penalty_points"": 0.0, ""label"": ""low"", ""category"": ""Pharma & Gesundheit"", ""category_share"": 0.0886, ""category_penalty"": 0.0, ""crypto_share"": 0.0, ""crypto_penalty"": 0.0}",,bull,stock,,,,0.05534841749971964,PFE,PFIZER INC.,US7170811035,PFE,PFE,Pharma & Gesundheit,,,,USD,27.579999923706055,15.87127813080389,26.47,63.0,0.0,0.06987419800981609,0.14637622639550196,24.0584192943573,0.26499236700154616,0.175802977541605,0.19259539388167524,54818995.0,1511907877.9176426,bull,0.05534841749971964,bear,-0.31687944796652057,2026-02-16,True,True,False,OK,,,PFE,PFE,50.0,,,none,,,,True,True
FRES.L,FRESNILLO PLC,FRES.L,GB00B2QPKJ12,FRES.L,FRES.L,Edelmetalle ‚õèÔ∏è,,,,GBp,bull,0.05534841749971964,bear,-0.31687944796652057,2026-02-16,3820.39306640625,387.2589591458264,2242.073311767578,0.7039554622745032,0.645341800248701,0.4964883925158211,0.33801214662002965,0.20852359208523596,1455288.1,5559772566.863525,26.44,56.76,37.67,83.1,HIGH,"{""coverage"": 1.0, ""confluence"": 0.4, ""risk_clean"": 1.0, ""regime_align"": 0.9485451257603157, ""liquidity"": 0.9125, ""weights"": {""coverage"": 0.25, ""confluence"": 0.25, ""risk_clean"": 0.2, ""regime_align"": 0.2, ""liquidity"": 0.1}}",2.54,"{""penalty_points"": 2.54, ""label"": ""low"", ""category"": ""Edelmetalle ‚õèÔ∏è"", ""category_share"": 0.2658, ""category_penalty"": 2.54, ""crypto_share"": 0.0, ""crypto_penalty"": 0.0}",,bull,stock,,,,0.05534841749971964,FRES.L,FRESNILLO PLC,GB00B2QPKJ12,FRES.L,FRES.L,Edelmetalle ‚õèÔ∏è,,,,GBp,3820.39306640625,387.2589591458264,26.44,83.1,2.54,0.645341800248701,0.7039554622745032,2242.073311767578,0.4964883925158211,0.33801214662002965,0.20852359208523596,1455288.1,5559772566.863525,bull,0.05534841749971964,bear,-0.31687944796652057,2026-02-16,True,True,False,OK,,,FRES.L,FRES.L,50.0,,Fundament,pillar,,derived from legacy category,,True,True
YCA.L,YELLOW CAKE PLC,YCA.L,JE00BF50RG45,YCA.L,YCA.L,Energie,,,,GBp,bull,0.05534841749971964,bear,-0.31687944796652057,2026-02-16,628.0,37.71929824561404,541.7815000915527,0.15913887774661495,0.16750459027938924,0.37619063049742246,0.22710988490549427,0.17273897353021994,2316972.2,1455058541.6000001,26.26,50.48,31.21,64.5,MED,"{""coverage"": 1.0, ""confluence"": 0.0, ""risk_clean"": 1.0, ""regime_align"": 0.582525069866842, ""liquidity"": 0.7875, ""weights"": {""coverage"": 0.25, ""confluence"": 0.25, ""risk_clean"": 0.2, ""regime_align"": 0.2, ""liquidity"": 0.1}}",0.0,"{""penalty_points"": 0.0, ""label"": ""low"", ""category"": ""Energie"", ""category_share"": 0.0886, ""category_penalty"": 0.0, ""crypto_share"": 0.0, ""crypto_penalty"": 0.0}",,bull,stock,,,,0.05534841749971964,YCA.L,YELLOW CAKE PLC,JE00BF50RG45,YCA.L,YCA.L,Energie,,,,GBp,628.0,37.71929824561404,26.26,64.5,0.0,0.16750459027938924,0.15913887774661495,541.7815000915527,0.37619063049742246,0.22710988490549427,0.17273897353021994,2316972.2,1455058541.6000001,bull,0.05534841749971964,bear,-0.31687944796652057,2026-02-16,True,True,False,OK,,,YCA.L,YCA.L,50.0,,Energie,pillar,,derived from legacy category,,True,True
KEP,KOREA EL. PWR ADR 1/2,KEP,US5006311063,KEP,KEP,Energie,,,,USD,bull,0.05534841749971964,bear,-0.31687944796652057,2026-02-16,21.520000457763672,192.39130526330385,14.692699956893922,0.46467296826995574,0.2766007934625119,0.5036165318191225,0.28450707812035886,0.15587041251756129,679655.0,14626175.911121368,25.96,53.98,43.47,72.3,MED,"{""coverage"": 1.0, ""confluence"": 0.4, ""risk_clean"": 1.0, ""regime_align"": 0.7951668584579977, ""liquidity"": 0.13749999999999996, ""weights"": {""coverage"": 0.25, ""confluence"": 0.25, ""risk_clean"": 0.2, ""regime_align"": 0.2, ""liquidity"": 0.1}}",0.0,"{""penalty_points"": 0.0, ""label"": ""low"", ""category"": ""Energie"", ""category_share"": 0.0886, ""category_penalty"": 0.0, ""crypto_share"": 0.0, ""crypto_penalty"": 0.0}",,bull,stock,,,,0.05534841749971964,KEP,KOREA EL. PWR ADR 1/2,US5006311063,KEP,KEP,Energie,Utilities,Utilities - Regulated Electric,South Korea,USD,21.520000457763672,192.39130526330385,25.96,72.3,0.0,0.2766007934625119,0.46467296826995574,14.692699956893922,0.5036165318191225,0.28450707812035886,0.15587041251756129,679655.0,14626175.911121368,bull,0.05534841749971964,bear,-0.31687944796652057,2026-02-16,True,True,False,OK,,,KEP,KEP,50.0,Utilities - Regulated Electric,Energie,pillar,45,heuristic from official taxonomy,"grid, storage, electrification",True,True
SN.L,SMITH + NEP. DL,SN.L,GB0009223206,SN.L,SN.L,Hardware üíª,,,,GBp,bull,0.05534841749971964,bear,-0.31687944796652057,2026-02-16,1319.0,27.903075723156622,1240.1144085693359,0.06361154332661201,0.03297870504229894,0.2899062830792218,0.21802481051926967,0.20310198145263647,2412675.55,3182319050.45,25.3,47.9,27.75,62.3,MED,"{""coverage"": 1.0, ""confluence"": 0.0, ""risk_clean"": 1.0, ""regime_align"": 0.4421338155515371, ""liquidity"": 0.85, ""weights"": {""coverage"": 0.25, ""confluence"": 0.25, ""risk_clean"": 0.2, ""regime_align"": 0.2, ""liquidity"": 0.1}}",0.0,"{""penalty_points"": 0.0, ""label"": ""low"", ""category"": ""Hardware üíª"", ""category_share"": 0.0886, ""category_penalty"": 0.0, ""crypto_share"": 0.0, ""crypto_penalty"": 0.0}",,bull,stock,,,,0.05534841749971964,SN.L,SMITH + NEP. DL,GB0009223206,SN.L,SN.L,Hardware üíª,,,,GBp,1319.0,27.903075723156622,25.3,62.3,0.0,0.03297870504229894,0.06361154332661201,1240.1144085693359,0.2899062830792218,0.21802481051926967,0.20310198145263647,2412675.55,3182319050.45,bull,0.05534841749971964,bear,-0.31687944796652057,2026-02-16,True,True,False,OK,,,SN.L,SN.L,50.0,,Hardware,pillar,,derived from legacy category,,True,True
0857.HK,PETROCHINA CO.,0857.HK,CNE1000003W8,0857.HK,0857.HK,Energie,,,,HKD,bull,0.05534841749971964,bear,-0.31687944796652057,2026-02-16,9.180000305175781,63.67065735191273,7.537616286277771,0.21789169898286942,-0.0027676536744623004,0.2848089154710774,0.277558615760792,0.19003119380469313,113406669.95,1041073264.7499691,24.9,48.11,30.34,61.6,MED,"{""coverage"": 1.0, ""confluence"": 0.0, ""risk_clean"": 1.0, ""regime_align"": 0.4690941969422982, ""liquidity"": 0.725, ""weights"": {""coverage"": 0.25, ""confluence"": 0.25, ""risk_clean"": 0.2, ""regime_align"": 0.2, ""liquidity"": 0.1}}",0.0,"{""penalty_points"": 0.0, ""label"": ""low"", ""category"": ""Energie"", ""category_share"": 0.0886, ""category_penalty"": 0.0, ""crypto_share"": 0.0, ""crypto_penalty"": 0.0}",,bull,stock,,,,0.05534841749971964,0857.HK,PETROCHINA CO.,CNE1000003W8,0857.HK,0857.HK,Energie,,,,HKD,9.180000305175781,63.67065735191273,24.9,61.6,0.0,-0.0027676536744623004,0.21789169898286942,7.537616286277771,0.2848089154710774,0.277558615760792,0.19003119380469313,113406669.95,1041073264.7499691,bull,0.05534841749971964,bear,-0.31687944796652057,2026-02-16,True,True,False,OK,,,0857.HK,0857.HK,50.0,,Energie,pillar,,derived from legacy category,,True,True
ABX.TO,BARRICK MINING,ABX.TO,CA06849F1080,ABX.TO,ABX.TO,Edelmetalle ‚õèÔ∏è,,,,CAD,bull,0.05534841749971964,bear,-0.31687944796652057,2026-02-16,65.31999969482422,154.6752342489914,43.40260178565979,0.5049788954450636,0.25327255163621487,0.40775130535679455,0.32189504445582806,0.16323405848324746,6603220.0,431322328.3848572,24.8,53.57,35.66,76.9,HIGH,"{""coverage"": 1.0, ""confluence"": 0.4, ""risk_clean"": 1.0, ""regime_align"": 0.7763439092553017, ""liquidity"": 0.6375, ""weights"": {""coverage"": 0.25, ""confluence"": 0.25, ""risk_clean"": 0.2, ""regime_align"": 0.2, ""liquidity"": 0.1}}",2.54,"{""penalty_points"": 2.54, ""label"": ""low"", ""category"": ""Edelmetalle ‚õèÔ∏è"", ""category_share"": 0.2658, ""category_penalty"": 2.54, ""crypto_share"": 0.0, ""crypto_penalty"": 0.0}",,bull,stock,,,,0.05534841749971964,ABX.TO,BARRICK MINING,CA06849F1080,ABX.TO,ABX.TO,Edelmetalle ‚õèÔ∏è,,,,CAD,65.31999969482422,154.6752342489914,24.8,76.9,2.54,0.25327255163621487,0.5049788954450636,43.40260178565979,0.40775130535679455,0.32189504445582806,0.16323405848324746,6603220.0,431322328.3848572,bull,0.05534841749971964,bear,-0.31687944796652057,2026-02-16,True,True,False,OK,,,ABX.TO,ABX.TO,50.0,,Fundament,pillar,,derived from legacy category,,True,True
AEM,AGNICO EAGLE,AEM,CA0084741085,AEM,AEM,Edelmetalle ‚õèÔ∏è,,,,USD,bull,0.05534841749971964,bear,-0.31687944796652057,2026-02-16,216.58999633789062,128.85122006114975,151.97821338653566,0.4251384557799991,0.26808603278770926,0.4095475975208639,0.34446829062070045,0.16359426490133266,3260910.0,706280484.9581909,24.46,53.37,36.63,76.9,HIGH,"{""coverage"": 1.0, ""confluence"": 0.4, ""risk_clean"": 1.0, ""regime_align"": 0.7563702120664146, ""liquidity"": 0.675, ""weights"": {""coverage"": 0.25, ""confluence"": 0.25, ""risk_clean"": 0.2, ""regime_align"": 0.2, ""liquidity"": 0.1}}",2.54,"{""penalty_points"": 2.54, ""label"": ""low"", ""category"": ""Edelmetalle ‚õèÔ∏è"", ""category_share"": 0.2658, ""category_penalty"": 2.54, ""crypto_share"": 0.0, ""crypto_penalty"": 0.0}",,bull,stock,,,,0.05534841749971964,AEM,AGNICO EAGLE,CA0084741085,AEM,AEM,Edelmetalle ‚õèÔ∏è,,,,USD,216.58999633789062,128.85122006114975,24.46,76.9,2.54,0.26808603278770926,0.4251384557799991,151.97821338653566,0.4095475975208639,0.34446829062070045,0.16359426490133266,3260910.0,706280484.9581909,bull,0.05534841749971964,bear,-0.31687944796652057,2026-02-16,True,True,False,OK,,,AEM,AEM,50.0,,Fundament,pillar,,derived from legacy category,,True,True
6861.T,KEYENCE CORP.,6861.T,JP3236200006,6861.T,6861.T,Hardware üíª,,,,JPY,bull,0.05534841749971964,bear,-0.31687944796652057,2026-02-16,58160.0,-9.562218979435844,57383.4490625,0.013532664037921638,-0.022226061142394227,0.3221672173329657,0.19268675220408893,0.219455600324429,890065.0,51766180400.0,24.3,46.46,28.11,62.2,MED,"{""coverage"": 1.0, ""confluence"": 0.0, ""risk_clean"": 1.0, ""regime_align"": 0.36569127075456187, ""liquidity"": 0.9875, ""weights"": {""coverage"": 0.25, ""confluence"": 0.25, ""risk_clean"": 0.2, ""regime_align"": 0.2, ""liquidity"": 0.1}}",0.0,"{""penalty_points"": 0.0, ""label"": ""low"", ""category"": ""Hardware üíª"", ""category_share"": 0.0886, ""category_penalty"": 0.0, ""crypto_share"": 0.0, ""crypto_penalty"": 0.0}",,bull,stock,,,,0.05534841749971964,6861.T,KEYENCE CORP.,JP3236200006,6861.T,6861.T,Hardware üíª,,,,JPY,58160.0,-9.562218979435844,24.3,62.2,0.0,-0.022226061142394227,0.013532664037921638,57383.4490625,0.3221672173329657,0.19268675220408893,0.219455600324429,890065.0,51766180400.0,bull,0.05534841749971964,bear,-0.31687944796652057,2026-02-16,True,True,False,OK,,,6861.T,6861.T,50.0,,Hardware,pillar,,derived from legacy category,,True,True
WPM.TO,WHEATON PREC.,WPM.TO,CA9628791027,WPM.TO,WPM.TO,Edelmetalle ‚õèÔ∏è,,,,CAD,bull,0.05534841749971964,bear,-0.31687944796652057,2026-02-16,198.67999267578125,103.72337088246803,143.8028883743286,0.3816133661975123,0.3173754606361612,0.38791037977733794,0.3467714788424358,0.17106835969632228,887400.0,176308625.50048828,24.26,53.61,38.33,75.4,HIGH,"{""coverage"": 1.0, ""confluence"": 0.4, ""risk_clean"": 1.0, ""regime_align"": 0.7620417557126418, ""liquidity"": 0.5125, ""weights"": {""coverage"": 0.25, ""confluence"": 0.25, ""risk_clean"": 0.2, ""regime_align"": 0.2, ""liquidity"": 0.1}}",2.54,"{""penalty_points"": 2.54, ""label"": ""low"", ""category"": ""Edelmetalle ‚õèÔ∏è"", ""category_share"": 0.2658, ""category_penalty"": 2.54, ""crypto_share"": 0.0, ""crypto_penalty"": 0.0}",,bull,stock,,,,0.05534841749971964,WPM.TO,WHEATON PREC.,CA9628791027,WPM.TO,WPM.TO,Edelmetalle ‚õèÔ∏è,,,,CAD,198.67999267578125,103.72337088246803,24.26,75.4,2.54,0.3173754606361612,0.3816133661975123,143.8028883743286,0.38791037977733794,0.3467714788424358,0.17106835969632228,887400.0,176308625.50048828,bull,0.05534841749971964,bear,-0.31687944796652057,2026-02-16,True,True,False,OK,,,WPM.TO,WPM.TO,50.0,,Fundament,pillar,,derived from legacy category,,True,True
TSMN.MX,TAIWAN SEMICON.MANU.ADR/5,TSMN.MX,US8740391003,TSMN.MX,TSMN.MX,Gehirn,,,,MXN,bull,0.05534841749971964,bear,-0.31687944796652057,2026-02-16,6298.0,53.28455945810467,4865.088941650391,0.2945292625757261,0.15571567619514748,0.3707968770258699,0.2517799966977046,0.2965262396819556,2415.7,15214078.6,23.97,51.23,44.41,59.2,MED,"{""coverage"": 1.0, ""confluence"": 0.0, ""risk_clean"": 1.0, ""regime_align"": 0.6346375143843499, ""liquidity"": 0.15000000000000002, ""weights"": {""coverage"": 0.25, ""confluence"": 0.25, ""risk_clean"": 0.2, ""regime_align"": 0.2, ""liquidity"": 0.1}}",0.0,"{""penalty_points"": 0.0, ""label"": ""low"", ""category"": ""Gehirn"", ""category_share"": 0.038, ""category_penalty"": 0.0, ""crypto_share"": 0.0, ""crypto_penalty"": 0.0}",,bull,stock,,,,0.05534841749971964,TSMN.MX,TAIWAN SEMICON.MANU.ADR/5,US8740391003,TSMN.MX,TSMN.MX,Gehirn,,,,MXN,6298.0,53.28455945810467,23.97,59.2,0.0,0.15571567619514748,0.2945292625757261,4865.088941650391,0.3707968770258699,0.2517799966977046,0.2965262396819556,2415.7,15214078.6,bull,0.05534841749971964,bear,-0.31687944796652057,2026-02-16,True,True,False,OK,,,TSMN.MX,TSMN.MX,50.0,,Gehirn,pillar,,derived from legacy category,,True,True
ON,ON SEMICOND.,ON,US6821891057,ON,ON,Gehirn,,,,USD,bull,0.05534841749971964,bear,-0.31687944796652057,2026-02-16,72.20999908447266,39.32084995838645,52.46449998855591,0.37635923529670223,0.48286540105952835,0.5888948831929316,0.3950222968037732,0.42680301756642713,10563025.0,762756025.5792618,23.77,54.37,55.13,64.5,MED,"{""coverage"": 1.0, ""confluence"": 0.4, ""risk_clean"": 0.3333333333333333, ""regime_align"": 0.8000164392569455, ""liquidity"": 0.6875, ""weights"": {""coverage"": 0.25, ""confluence"": 0.25, ""risk_clean"": 0.2, ""regime_align"": 0.2, ""liquidity"": 0.1}}",0.0,"{""penalty_points"": 0.0, ""label"": ""low"", ""category"": ""Gehirn"", ""category_share"": 0.038, ""category_penalty"": 0.0, ""crypto_share"": 0.0, ""crypto_penalty"": 0.0}",,bull,stock,,,,0.05534841749971964,ON,ON SEMICOND.,US6821891057,ON,ON,Gehirn,Technology,Semiconductors,United States,USD,72.20999908447266,39.32084995838645,23.77,64.5,0.0,0.48286540105952835,0.37635923529670223,52.46449998855591,0.5888948831929316,0.3950222968037732,0.42680301756642713,10563025.0,762756025.5792618,bull,0.05534841749971964,bear,-0.31687944796652057,2026-02-16,True,True,False,OK,,,ON,ON,50.0,Semiconductors,Gehirn,pillar,55,heuristic from official taxonomy,"ai, software, semis",True,True
PKX,POSCO HOL.ADR,PKX,US6934831099,PKX,PKX,Fundament,,,,USD,bull,0.05534841749971964,bear,-0.31687944796652057,2026-02-16,65.62000274658203,57.97378272303837,52.61382535934448,0.2472007556646436,0.18880381409924407,0.41299516678155346,0.22090208970895966,0.25573480196403753,217825.0,14293677.098274231,23.65,51.02,45.32,58.5,MED,"{""coverage"": 1.0, ""confluence"": 0.0, ""risk_clean"": 1.0, ""regime_align"": 0.6146638171954628, ""liquidity"": 0.125, ""weights"": {""coverage"": 0.25, ""confluence"": 0.25, ""risk_clean"": 0.2, ""regime_align"": 0.2, ""liquidity"": 0.1}}",0.0,"{""penalty_points"": 0.0, ""label"": ""low"", ""category"": ""Fundament"", ""category_share"": 0.038, ""category_penalty"": 0.0, ""crypto_share"": 0.0, ""crypto_penalty"": 0.0}",,bull,stock,,,,0.05534841749971964,PKX,POSCO HOL.ADR,US6934831099,PKX,PKX,Fundament,Basic Materials,Steel,South Korea,USD,65.62000274658203,57.97378272303837,23.65,58.5,0.0,0.18880381409924407,0.2472007556646436,52.61382535934448,0.41299516678155346,0.22090208970895966,0.25573480196403753,217825.0,14293677.098274231,bull,0.05534841749971964,bear,-0.31687944796652057,2026-02-16,True,True,False,OK,,,PKX,PKX,50.0,Steel,Fundament,pillar,55,heuristic from official taxonomy,"materials, mining",True,True
PAAS.TO,PAN AMER. SILVER,PAAS.TO,CA6979001089,PAAS.TO,PAAS.TO,Edelmetalle ‚õèÔ∏è,,,,CAD,bull,0.05534841749971964,bear,-0.31687944796652057,2026-02-16,79.0,125.72648842274887,52.038375568389895,0.5181104163441188,0.47509245356876795,0.5327466105055308,0.4292144204940084,0.20795936114485003,1293155.0,102159245.0,23.36,55.41,48.2,76.4,HIGH,"{""coverage"": 1.0, ""confluence"": 0.4, ""risk_clean"": 1.0, ""regime_align"": 0.8716094032549728, ""liquidity"": 0.4, ""weights"": {""coverage"": 0.25, ""confluence"": 0.25, ""risk_clean"": 0.2, ""regime_align"": 0.2, ""liquidity"": 0.1}}",2.54,"{""penalty_points"": 2.54, ""label"": ""low"", ""category"": ""Edelmetalle ‚õèÔ∏è"", ""category_share"": 0.2658, ""category_penalty"": 2.54, ""crypto_share"": 0.0, ""crypto_penalty"": 0.0}",,bull,stock,,,,0.05534841749971964,PAAS.TO,PAN AMER. SILVER,CA6979001089,PAAS.TO,PAAS.TO,Edelmetalle ‚õèÔ∏è,,,,CAD,79.0,125.72648842274887,23.36,76.4,2.54,0.47509245356876795,0.5181104163441188,52.038375568389895,0.5327466105055308,0.4292144204940084,0.20795936114485003,1293155.0,102159245.0,bull,0.05534841749971964,bear,-0.31687944796652057,2026-02-16,True,True,False,OK,,,PAAS.TO,PAAS.TO,50.0,,Fundament,pillar,,derived from legacy category,,True,True
NEM.AX,NEWMONT CORP.,NEM.AX,AU0000297962,NEM.AX,NEM.AX,Edelmetalle ‚õèÔ∏è,,,,AUD,bull,0.05534841749971964,bear,-0.31687944796652057,2026-02-16,173.61000061035156,138.82511704371424,120.76765357971192,0.43755381067962373,0.24011677643672802,0.41029559310307484,0.3208656836185943,0.21192319914914037,470806.35,81736690.71085739,23.05,53.03,42.29,68.1,MED,"{""coverage"": 1.0, ""confluence"": 0.2, ""risk_clean"": 1.0, ""regime_align"": 0.744205161926681, ""liquidity"": 0.32499999999999996, ""weights"": {""coverage"": 0.25, ""confluence"": 0.25, ""risk_clean"": 0.2, ""regime_align"": 0.2, ""liquidity"": 0.1}}",2.54,"{""penalty_points"": 2.54, ""label"": ""low"", ""category"": ""Edelmetalle ‚õèÔ∏è"", ""category_share"": 0.2658, ""category_penalty"": 2.54, ""crypto_share"": 0.0, ""crypto_penalty"": 0.0}",,bull,stock,,,,0.05534841749971964,NEM.AX,NEWMONT CORP.,AU0000297962,NEM.AX,NEM.AX,Edelmetalle ‚õèÔ∏è,,,,AUD,173.61000061035156,138.82511704371424,23.05,68.1,2.54,0.24011677643672802,0.43755381067962373,120.76765357971192,0.41029559310307484,0.3208656836185943,0.21192319914914037,470806.35,81736690.71085739,bull,0.05534841749971964,bear,-0.31687944796652057,2026-02-16,True,True,False,OK,,,NEM.AX,NEM.AX,50.0,,Fundament,pillar,,derived from legacy category,,True,True
OXY,OCCIDENTAL PET.,OXY,US6745991058,OXY,OXY,Energie,,,,USD,bull,0.05534841749971964,bear,-0.31687944796652057,2026-02-16,46.06999969482422,-2.029630482908895,43.0294194984436,0.07066282166531668,0.08530611866739513,0.376276460036372,0.2946625535979377,0.3032368608993772,10962320.0,505034079.0545654,23.0,48.72,41.29,61.2,MED,"{""coverage"": 1.0, ""confluence"": 0.0, ""risk_clean"": 1.0, ""regime_align"": 0.4867663981588032, ""liquidity"": 0.65, ""weights"": {""coverage"": 0.25, ""confluence"": 0.25, ""risk_clean"": 0.2, ""regime_align"": 0.2, ""liquidity"": 0.1}}",0.0,"{""penalty_points"": 0.0, ""label"": ""low"", ""category"": ""Energie"", ""category_share"": 0.0886, ""category_penalty"": 0.0, ""crypto_share"": 0.0, ""crypto_penalty"": 0.0}",,bull,stock,,,,0.05534841749971964,OXY,OCCIDENTAL PET.,US6745991058,OXY,OXY,Energie,Energy,Oil & Gas E&P,United States,USD,46.06999969482422,-2.029630482908895,23.0,61.2,0.0,0.08530611866739513,0.07066282166531668,43.0294194984436,0.376276460036372,0.2946625535979377,0.3032368608993772,10962320.0,505034079.0545654,bull,0.05534841749971964,bear,-0.31687944796652057,2026-02-16,True,True,False,OK,,,OXY,OXY,50.0,Oil & Gas E&P,Energie,pillar,,derived from legacy category,,True,True
AGI.TO,ALAMOS GOLD,AGI.TO,CA0115321089,AGI.TO,AGI.TO,Edelmetalle ‚õèÔ∏è,,,,CAD,bull,0.05534841749971964,bear,-0.31687944796652057,2026-02-16,61.61000061035156,89.05160677030932,44.250390167236326,0.3923041215570695,0.30731183128266215,0.46537204743599053,0.3749051116339565,0.21016396690750794,1335815.0,82299562.96531677,22.87,53.81,45.55,73.9,MED,"{""coverage"": 1.0, ""confluence"": 0.4, ""risk_clean"": 1.0, ""regime_align"": 0.7750287686996549, ""liquidity"": 0.3375, ""weights"": {""coverage"": 0.25, ""confluence"": 0.25, ""risk_clean"": 0.2, ""regime_align"": 0.2, ""liquidity"": 0.1}}",2.54,"{""penalty_points"": 2.54, ""label"": ""low"", ""category"": ""Edelmetalle ‚õèÔ∏è"", ""category_share"": 0.2658, ""category_penalty"": 2.54, ""crypto_share"": 0.0, ""crypto_penalty"": 0.0}",,bull,stock,,,,0.05534841749971964,AGI.TO,ALAMOS GOLD,CA0115321089,AGI.TO,AGI.TO,Edelmetalle ‚õèÔ∏è,,,,CAD,61.61000061035156,89.05160677030932,22.87,73.9,2.54,0.30731183128266215,0.3923041215570695,44.250390167236326,0.46537204743599053,0.3749051116339565,0.21016396690750794,1335815.0,82299562.96531677,bull,0.05534841749971964,bear,-0.31687944796652057,2026-02-16,True,True,False,OK,,,AGI.TO,AGI.TO,50.0,,Fundament,pillar,,derived from legacy category,,True,True
AAPL,Apple Inc.,AAPL,US0378331005,AAPL,AAPL,,United States,Technology,Consumer Electronics,USD,bull,0.05534841749971964,bear,-0.31687944796652057,2026-02-16,255.77999877929688,5.02648938698389,239.60238136291503,0.06751860029253365,-0.07947471414310792,0.3221120009181115,0.2359208185422352,0.30222582052028846,59778725.0,15290202207.527924,22.55,45.84,34.49,61.2,MED,"{""coverage"": 1.0, ""confluence"": 0.0, ""risk_clean"": 1.0, ""regime_align"": 0.3410323853361828, ""liquidity"": 0.9375, ""weights"": {""coverage"": 0.25, ""confluence"": 0.25, ""risk_clean"": 0.2, ""regime_align"": 0.2, ""liquidity"": 0.1}}",0.0,"{""penalty_points"": 0.0, ""label"": ""low"", ""category"": ""Technology"", ""category_share"": 0.0, ""category_penalty"": 0.0, ""crypto_share"": 0.0, ""crypto_penalty"": 0.0}",,bull,stock,,,,0.05534841749971964,AAPL,Apple Inc.,US0378331005,AAPL,AAPL,,Technology,Consumer Electronics,United States,USD,255.77999877929688,5.02648938698389,22.55,61.2,0.0,-0.07947471414310792,0.06751860029253365,239.60238136291503,0.3221120009181115,0.2359208185422352,0.30222582052028846,59778725.0,15290202207.527924,bull,0.05534841749971964,bear,-0.31687944796652057,2026-02-16,True,True,False,OK,,,AAPL,AAPL,50.0,Consumer Electronics,,none,,,,True,True
AG.TO,FIRST MAJESTIC,AG.TO,CA32076V1031,AG.TO,AG.TO,Edelmetalle ‚õèÔ∏è,,,,CAD,bull,0.05534841749971964,bear,-0.31687944796652057,2026-02-16,31.280000686645508,287.24458996790895,16.773398337364195,0.8648576786593449,0.7764266192523339,0.7001366771812492,0.449152604757019,0.3012999364311738,2507355.0,78430066.12166405,22.5,57.18,57.73,70.9,MED,"{""coverage"": 1.0, ""confluence"": 0.4, ""risk_clean"": 0.6666666666666666, ""regime_align"": 0.9743547591648858, ""liquidity"": 0.3125, ""weights"": {""coverage"": 0.25, ""confluence"": 0.25, ""risk_clean"": 0.2, ""regime_align"": 0.2, ""liquidity"": 0.1}}",2.54,"{""penalty_points"": 2.54, ""label"": ""low"", ""category"": ""Edelmetalle ‚õèÔ∏è"", ""category_share"": 0.2658, ""category_penalty"": 2.54, ""crypto_share"": 0.0, ""crypto_penalty"": 0.0}",,bull,stock,,,,0.05534841749971964,AG.TO,FIRST MAJESTIC,CA32076V1031,AG.TO,AG.TO,Edelmetalle ‚õèÔ∏è,,,,CAD,31.280000686645508,287.24458996790895,22.5,70.9,2.54,0.7764266192523339,0.8648576786593449,16.773398337364195,0.7001366771812492,0.449152604757019,0.3012999364311738,2507355.0,78430066.12166405,bull,0.05534841749971964,bear,-0.31687944796652057,2026-02-16,True,True,False,OK,,,AG.TO,AG.TO,50.0,,Fundament,pillar,,derived from legacy category,,True,True
INCY,INCYTE DL,INCY,US45337C1027,INCY,INCY,Pharma & Gesundheit,,,,USD,bull,0.05534841749971964,bear,-0.31687944796652057,2026-02-16,101.0999984741211,43.567169984258,85.55479990005493,0.18169873101481215,-0.05833421164570607,0.35371126639361683,0.25443344629130593,0.25846778175461094,1943575.0,196495429.5343399,22.25,47.03,39.6,58.5,MED,"{""coverage"": 1.0, ""confluence"": 0.0, ""risk_clean"": 1.0, ""regime_align"": 0.41180338648693077, ""liquidity"": 0.525, ""weights"": {""coverage"": 0.25, ""confluence"": 0.25, ""risk_clean"": 0.2, ""regime_align"": 0.2, ""liquidity"": 0.1}}",0.0,"{""penalty_points"": 0.0, ""label"": ""low"", ""category"": ""Pharma & Gesundheit"", ""category_share"": 0.0886, ""category_penalty"": 0.0, ""crypto_share"": 0.0, ""crypto_penalty"": 0.0}",,bull,stock,,,,0.05534841749971964,INCY,INCYTE DL,US45337C1027,INCY,INCY,Pharma & Gesundheit,Healthcare,Biotechnology,United States,USD,101.0999984741211,43.567169984258,22.25,58.5,0.0,-0.05833421164570607,0.18169873101481215,85.55479990005493,0.35371126639361683,0.25443344629130593,0.25846778175461094,1943575.0,196495429.5343399,bull,0.05534841749971964,bear,-0.31687944796652057,2026-02-16,True,True,False,OK,,,INCY,INCY,50.0,Biotechnology,Gehirn,pillar,55,heuristic from official taxonomy,"ai, software, semis",True,True
HL,HECLA MNG,HL,US4227041062,HL,HL,Edelmetalle ‚õèÔ∏è,,,,USD,bull,0.05534841749971964,bear,-0.31687944796652057,2026-02-16,22.600000381469727,316.4199853958432,12.262068014144898,0.8430822888438978,0.5059202767996249,0.7150696699396996,0.47251485220803746,0.34328828228952113,30904885.0,698450412.789278,22.05,56.22,56.93,73.4,MED,"{""coverage"": 1.0, ""confluence"": 0.4, ""risk_clean"": 0.6666666666666666, ""regime_align"": 0.9233930626335689, ""liquidity"": 0.6625, ""weights"": {""coverage"": 0.25, ""confluence"": 0.25, ""risk_clean"": 0.2, ""regime_align"": 0.2, ""liquidity"": 0.1}}",2.54,"{""penalty_points"": 2.54, ""label"": ""low"", ""category"": ""Edelmetalle ‚õèÔ∏è"", ""category_share"": 0.2658, ""category_penalty"": 2.54, ""crypto_share"": 0.0, ""crypto_penalty"": 0.0}",,bull,stock,,,,0.05534841749971964,HL,HECLA MNG,US4227041062,HL,HL,Edelmetalle ‚õèÔ∏è,,,,USD,22.600000381469727,316.4199853958432,22.05,73.4,2.54,0.5059202767996249,0.8430822888438978,12.262068014144898,0.7150696699396996,0.47251485220803746,0.34328828228952113,30904885.0,698450412.789278,bull,0.05534841749971964,bear,-0.31687944796652057,2026-02-16,True,True,False,OK,,,HL,HL,50.0,,Fundament,pillar,,derived from legacy category,,True,True
EQX.TO,EQUINOX GOLD,EQX.TO,CA29446Y5020,EQX.TO,EQX.TO,Edelmetalle ‚õèÔ∏è,,,,CAD,bull,0.05534841749971964,bear,-0.31687944796652057,2026-02-16,21.530000686645508,117.03629557520117,14.124050009250642,0.5243503579033131,0.16954612061725105,0.5371846304133294,0.35809058634976254,0.23274162264387666,3229780.0,69537165.61771393,21.7,53.23,49.36,68.2,MED,"{""coverage"": 1.0, ""confluence"": 0.2, ""risk_clean"": 1.0, ""regime_align"": 0.7641788591155679, ""liquidity"": 0.2875, ""weights"": {""coverage"": 0.25, ""confluence"": 0.25, ""risk_clean"": 0.2, ""regime_align"": 0.2, ""liquidity"": 0.1}}",2.54,"{""penalty_points"": 2.54, ""label"": ""low"", ""category"": ""Edelmetalle ‚õèÔ∏è"", ""category_share"": 0.2658, ""category_penalty"": 2.54, ""crypto_share"": 0.0, ""crypto_penalty"": 0.0}",,bull,stock,,,,0.05534841749971964,EQX.TO,EQUINOX GOLD,CA29446Y5020,EQX.TO,EQX.TO,Edelmetalle ‚õèÔ∏è,,,,CAD,21.530000686645508,117.03629557520117,21.7,68.2,2.54,0.16954612061725105,0.5243503579033131,14.124050009250642,0.5371846304133294,0.35809058634976254,0.23274162264387666,3229780.0,69537165.61771393,bull,0.05534841749971964,bear,-0.31687944796652057,2026-02-16,True,True,False,OK,,,EQX.TO,EQX.TO,50.0,,Fundament,pillar,,derived from legacy category,,True,True
APLD,Applied Digital,APLD,US0381692070,APLD,APLD,Tech üíª,,,,USD,bull,0.05534841749971964,bear,-0.31687944796652057,2026-02-16,35.279998779296875,287.26674104140193,21.026850037574768,0.6778546818116777,0.5124757226992698,1.2917756658668038,0.7465052816352132,0.6769952882218799,33084310.0,1167214416.4138794,21.52,56.28,71.74,67.5,MED,"{""coverage"": 1.0, ""confluence"": 0.4, ""risk_clean"": 0.3333333333333333, ""regime_align"": 0.9230642774946572, ""liquidity"": 0.7375, ""weights"": {""coverage"": 0.25, ""confluence"": 0.25, ""risk_clean"": 0.2, ""regime_align"": 0.2, ""liquidity"": 0.1}}",0.0,"{""penalty_points"": 0.0, ""label"": ""low"", ""category"": ""Tech üíª"", ""category_share"": 0.0506, ""category_penalty"": 0.0, ""crypto_share"": 0.0, ""crypto_penalty"": 0.0}",,bull,stock,,,,0.05534841749971964,APLD,Applied Digital,US0381692070,APLD,APLD,Tech üíª,Technology,Information Technology Services,United States,USD,35.279998779296875,287.26674104140193,21.52,67.5,0.0,0.5124757226992698,0.6778546818116777,21.026850037574768,1.2917756658668038,0.7465052816352132,0.6769952882218799,33084310.0,1167214416.4138794,bull,0.05534841749971964,bear,-0.31687944796652057,2026-02-16,True,True,False,OK,,,APLD,APLD,50.0,Information Technology Services,Gehirn,pillar,55,heuristic from official taxonomy,"ai, software, semis",True,True
DSV.TO,DISCOVERY SILVER,DSV.TO,CA2546771072,DSV.TO,DSV.TO,Edelmetalle ‚õèÔ∏è,,,,CAD,bull,0.05534841749971964,bear,-0.31687944796652057,2026-02-16,10.180000305175781,524.5398978500714,5.500050007104874,0.8508923177108254,0.5120674193061148,0.8008244459133376,0.5074304771910695,0.24299069661166095,3978855.0,40504745.11425018,21.43,56.45,60.55,69.2,MED,"{""coverage"": 1.0, ""confluence"": 0.4, ""risk_clean"": 0.6666666666666666, ""regime_align"": 0.9362156830511261, ""liquidity"": 0.21250000000000002, ""weights"": {""coverage"": 0.25, ""confluence"": 0.25, ""risk_clean"": 0.2, ""regime_align"": 0.2, ""liquidity"": 0.1}}",2.54,"{""penalty_points"": 2.54, ""label"": ""low"", ""category"": ""Edelmetalle ‚õèÔ∏è"", ""category_share"": 0.2658, ""category_penalty"": 2.54, ""crypto_share"": 0.0, ""crypto_penalty"": 0.0}",,bull,stock,,,,0.05534841749971964,DSV.TO,DISCOVERY SILVER,CA2546771072,DSV.TO,DSV.TO,Edelmetalle ‚õèÔ∏è,,,,CAD,10.180000305175781,524.5398978500714,21.43,69.2,2.54,0.5120674193061148,0.8508923177108254,5.500050007104874,0.8008244459133376,0.5074304771910695,0.24299069661166095,3978855.0,40504745.11425018,bull,0.05534841749971964,bear,-0.31687944796652057,2026-02-16,True,True,False,OK,,,DSV.TO,DSV.TO,50.0,,Fundament,pillar,,derived from legacy category,,True,True
ASM.TO,AVINO SILVER,ASM.TO,CA0539061030,ASM.TO,ASM.TO,Edelmetalle ‚õèÔ∏è,,,,CAD,bull,0.05534841749971964,bear,-0.31687944796652057,2026-02-16,13.319999694824219,537.3205857340128,6.8041000020504,0.9576431402845735,0.9077467700399373,0.8335866898001434,0.5065190632819321,0.3621444524381038,1236535.0,16470645.822639465,20.92,57.53,66.33,70.1,MED,"{""coverage"": 1.0, ""confluence"": 0.4, ""risk_clean"": 0.6666666666666666, ""regime_align"": 0.9935064935064934, ""liquidity"": 0.1875, ""weights"": {""coverage"": 0.25, ""confluence"": 0.25, ""risk_clean"": 0.2, ""regime_align"": 0.2, ""liquidity"": 0.1}}",2.54,"{""penalty_points"": 2.54, ""label"": ""low"", ""category"": ""Edelmetalle ‚õèÔ∏è"", ""category_share"": 0.2658, ""category_penalty"": 2.54, ""crypto_share"": 0.0, ""crypto_penalty"": 0.0}",,bull,stock,,,,0.05534841749971964,ASM.TO,AVINO SILVER,CA0539061030,ASM.TO,ASM.TO,Edelmetalle ‚õèÔ∏è,,,,CAD,13.319999694824219,537.3205857340128,20.92,70.1,2.54,0.9077467700399373,0.9576431402845735,6.8041000020504,0.8335866898001434,0.5065190632819321,0.3621444524381038,1236535.0,16470645.822639465,bull,0.05534841749971964,bear,-0.31687944796652057,2026-02-16,True,True,False,OK,,,ASM.TO,ASM.TO,50.0,,Fundament,pillar,,derived from legacy category,,True,True
GMED,Globus Medical,GMED,US3795772082,GMED,GMED,Pharma üß™,,,,USD,bull,0.05534841749971964,bear,-0.31687944796652057,2026-02-16,88.08999633789062,4.956506633609892,69.17979982376099,0.27334852893914574,0.031369115678150816,0.5374853815942647,0.3556292050551599,0.388306044210735,1143880.0,100764385.01098633,20.36,49.13,55.15,52.9,MED,"{""coverage"": 1.0, ""confluence"": 0.0, ""risk_clean"": 0.6666666666666666, ""regime_align"": 0.5267137925365774, ""liquidity"": 0.4, ""weights"": {""coverage"": 0.25, ""confluence"": 0.25, ""risk_clean"": 0.2, ""regime_align"": 0.2, ""liquidity"": 0.1}}",0.0,"{""penalty_points"": 0.0, ""label"": ""low"", ""category"": ""Pharma üß™"", ""category_share"": 0.0253, ""category_penalty"": 0.0, ""crypto_share"": 0.0, ""crypto_penalty"": 0.0}",,bull,stock,,,,0.05534841749971964,GMED,Globus Medical,US3795772082,GMED,GMED,Pharma üß™,Healthcare,Medical Devices,United States,USD,88.08999633789062,4.956506633609892,20.36,52.9,0.0,0.031369115678150816,0.27334852893914574,69.17979982376099,0.5374853815942647,0.3556292050551599,0.388306044210735,1143880.0,100764385.01098633,bull,0.05534841749971964,bear,-0.31687944796652057,2026-02-16,True,True,False,OK,,,GMED,GMED,50.0,Medical Devices,,none,,,,True,True
TSLA,Tesla,TSLA,US88160R1014,TSLA,TSLA,Tech üíª,,,,USD,bull,0.05534841749971964,bear,-0.31687944796652057,2026-02-16,417.44000244140625,17.311152972535115,385.1616999816895,0.08380454874212906,0.020987620630561254,0.6171574903511017,0.40650781115518403,0.38467938176004224,62073050.0,25911774143.545532,20.29,47.94,51.76,50.4,MED,"{""coverage"": 1.0, ""confluence"": 0.0, ""risk_clean"": 0.3333333333333333, ""regime_align"": 0.4489561071839553, ""liquidity"": 0.975, ""weights"": {""coverage"": 0.25, ""confluence"": 0.25, ""risk_clean"": 0.2, ""regime_align"": 0.2, ""liquidity"": 0.1}}",0.0,"{""penalty_points"": 0.0, ""label"": ""low"", ""category"": ""Tech üíª"", ""category_share"": 0.0506, ""category_penalty"": 0.0, ""crypto_share"": 0.0, ""crypto_penalty"": 0.0}",,bull,stock,,,,0.05534841749971964,TSLA,Tesla,US88160R1014,TSLA,TSLA,Tech üíª,Consumer Cyclical,Auto Manufacturers,United States,USD,417.44000244140625,17.311152972535115,20.29,50.4,0.0,0.020987620630561254,0.08380454874212906,385.1616999816895,0.6171574903511017,0.40650781115518403,0.38467938176004224,62073050.0,25911774143.545532,bull,0.05534841749971964,bear,-0.31687944796652057,2026-02-16,True,True,False,OK,,,TSLA,TSLA,50.0,Auto Manufacturers,,none,,,,True,True
9880.HK,UBTECH ROBOT.CORP.,9880.HK,CNE100006CQ4,9880.HK,9880.HK,Hardware üíª,,,,HKD,bull,0.05534841749971964,bear,-0.31687944796652057,2026-02-16,138.0,74.79418028409759,109.91225009918213,0.2555470375274109,0.0888745752348652,0.671156432358556,0.461072969865437,0.4575559404730709,6277978.9,866361088.2,19.93,49.73,59.0,49.7,LOW,"{""coverage"": 1.0, ""confluence"": 0.0, ""risk_clean"": 0.3333333333333333, ""regime_align"": 0.5515370705244123, ""liquidity"": 0.7, ""weights"": {""coverage"": 0.25, ""confluence"": 0.25, ""risk_clean"": 0.2, ""regime_align"": 0.2, ""liquidity"": 0.1}}",0.0,"{""penalty_points"": 0.0, ""label"": ""low"", ""category"": ""Hardware üíª"", ""category_share"": 0.0886, ""category_penalty"": 0.0, ""crypto_share"": 0.0, ""crypto_penalty"": 0.0}",,bull,stock,,,,0.05534841749971964,9880.HK,UBTECH ROBOT.CORP.,CNE100006CQ4,9880.HK,9880.HK,Hardware üíª,,,,HKD,138.0,74.79418028409759,19.93,49.7,0.0,0.0888745752348652,0.2555470375274109,109.91225009918213,0.671156432358556,0.461072969865437,0.4575559404730709,6277978.9,866361088.2,bull,0.05534841749971964,bear,-0.31687944796652057,2026-02-16,True,True,False,OK,,,9880.HK,9880.HK,50.0,,Hardware,pillar,,derived from legacy category,,True,True
EDR.TO,ENDEAVOUR SILVER,EDR.TO,CA29258Y1034,EDR.TO,EDR.TO,Edelmetalle ‚õèÔ∏è,,,,CAD,bull,0.05534841749971964,bear,-0.31687944796652057,2026-02-16,16.010000228881836,168.17421761363042,9.974349973201752,0.6051171526862567,0.3989129592037697,0.7892350002326397,0.48290587851710076,0.3673758982292906,2043810.0,32721398.567790985,19.74,55.3,65.06,67.7,MED,"{""coverage"": 1.0, ""confluence"": 0.4, ""risk_clean"": 0.6666666666666666, ""regime_align"": 0.8722669735327964, ""liquidity"": 0.1875, ""weights"": {""coverage"": 0.25, ""confluence"": 0.25, ""risk_clean"": 0.2, ""regime_align"": 0.2, ""liquidity"": 0.1}}",2.54,"{""penalty_points"": 2.54, ""label"": ""low"", ""category"": ""Edelmetalle ‚õèÔ∏è"", ""category_share"": 0.2658, ""category_penalty"": 2.54, ""crypto_share"": 0.0, ""crypto_penalty"": 0.0}",,bull,stock,,,,0.05534841749971964,EDR.TO,ENDEAVOUR SILVER,CA29258Y1034,EDR.TO,EDR.TO,Edelmetalle ‚õèÔ∏è,,,,CAD,16.010000228881836,168.17421761363042,19.74,67.7,2.54,0.3989129592037697,0.6051171526862567,9.974349973201752,0.7892350002326397,0.48290587851710076,0.3673758982292906,2043810.0,32721398.567790985,bull,0.05534841749971964,bear,-0.31687944796652057,2026-02-16,True,True,False,OK,,,EDR.TO,EDR.TO,50.0,,Fundament,pillar,,derived from legacy category,,True,True
BTO.TO,B2GOLD CORP.,BTO.TO,CA11777Q2099,BTO.TO,BTO.TO,Edelmetalle ‚õèÔ∏è,,,,CAD,bull,0.05534841749971964,bear,-0.31687944796652057,2026-02-16,7.349999904632568,104.73904950037127,5.780938444137573,0.2714198526168661,0.2635207318420745,0.5019587389703994,0.3820436766070866,0.35576919202449264,8823720.0,64854341.158504486,19.69,51.85,54.62,65.9,MED,"{""coverage"": 1.0, ""confluence"": 0.2, ""risk_clean"": 1.0, ""regime_align"": 0.6592963998027289, ""liquidity"": 0.275, ""weights"": {""coverage"": 0.25, ""confluence"": 0.25, ""risk_clean"": 0.2, ""regime_align"": 0.2, ""liquidity"": 0.1}}",2.54,"{""penalty_points"": 2.54, ""label"": ""low"", ""category"": ""Edelmetalle ‚õèÔ∏è"", ""category_share"": 0.2658, ""category_penalty"": 2.54, ""crypto_share"": 0.0, ""crypto_penalty"": 0.0}",,bull,stock,,,,0.05534841749971964,BTO.TO,B2GOLD CORP.,CA11777Q2099,BTO.TO,BTO.TO,Edelmetalle ‚õèÔ∏è,,,,CAD,7.349999904632568,104.73904950037127,19.69,65.9,2.54,0.2635207318420745,0.2714198526168661,5.780938444137573,0.5019587389703994,0.3820436766070866,0.35576919202449264,8823720.0,64854341.158504486,bull,0.05534841749971964,bear,-0.31687944796652057,2026-02-16,True,True,False,OK,,,BTO.TO,BTO.TO,50.0,,Fundament,pillar,,derived from legacy category,,True,True
RCAT,Red Cat Holdings,RCAT,US75644T1007,RCAT,RCAT,,,,,USD,bull,0.05534841749971964,bear,-0.31687944796652057,2026-02-16,11.369999885559082,27.466365339797782,9.467900002002716,0.2008998704204754,0.45154607416137904,1.1757991030815842,0.659239515247741,0.6007802457218128,12593830.0,143191845.65875053,19.05,52.85,72.88,55.5,MED,"{""coverage"": 1.0, ""confluence"": 0.2, ""risk_clean"": 0.3333333333333333, ""regime_align"": 0.7029426269932599, ""liquidity"": 0.475, ""weights"": {""coverage"": 0.25, ""confluence"": 0.25, ""risk_clean"": 0.2, ""regime_align"": 0.2, ""liquidity"": 0.1}}",0.0,"{""penalty_points"": 0.0, ""label"": ""low"", ""category"": """", ""category_share"": 0.0, ""category_penalty"": 0.0, ""crypto_share"": 0.0, ""crypto_penalty"": 0.0}",,bull,stock,,,,0.05534841749971964,RCAT,Red Cat Holdings,US75644T1007,RCAT,RCAT,,Industrials,Aerospace & Defense,United States,USD,11.369999885559082,27.466365339797782,19.05,55.5,0.0,0.45154607416137904,0.2008998704204754,9.467900002002716,1.1757991030815842,0.659239515247741,0.6007802457218128,12593830.0,143191845.65875053,bull,0.05534841749971964,bear,-0.31687944796652057,2026-02-16,True,True,False,OK,,,RCAT,RCAT,50.0,Aerospace & Defense,,none,,,,True,True
AUTO.OL,AUTOSTORE HOLDINGS,AUTO.OL,BMG0670A1099,AUTO.OL,AUTO.OL,Hardware üíª,,,,NOK,bull,0.05534841749971964,bear,-0.31687944796652057,2026-02-16,12.319999694824219,9.511108398437496,8.812810027599335,0.3979649687490501,0.14779482893158602,0.7134925348391076,0.5083354147267058,0.6115288227540154,5154833.8,63507550.842869565,18.76,51.75,70.85,52.8,MED,"{""coverage"": 1.0, ""confluence"": 0.2, ""risk_clean"": 0.3333333333333333, ""regime_align"": 0.6739273384843005, ""liquidity"": 0.26249999999999996, ""weights"": {""coverage"": 0.25, ""confluence"": 0.25, ""risk_clean"": 0.2, ""regime_align"": 0.2, ""liquidity"": 0.1}}",0.0,"{""penalty_points"": 0.0, ""label"": ""low"", ""category"": ""Hardware üíª"", ""category_share"": 0.0886, ""category_penalty"": 0.0, ""crypto_share"": 0.0, ""crypto_penalty"": 0.0}",,bull,stock,,,,0.05534841749971964,AUTO.OL,AUTOSTORE HOLDINGS,BMG0670A1099,AUTO.OL,AUTO.OL,Hardware üíª,Technology,Computer Hardware,Norway,NOK,12.319999694824219,9.511108398437496,18.76,52.8,0.0,0.14779482893158602,0.3979649687490501,8.812810027599335,0.7134925348391076,0.5083354147267058,0.6115288227540154,5154833.8,63507550.842869565,bull,0.05534841749971964,bear,-0.31687944796652057,2026-02-16,True,True,False,OK,,,AUTO.OL,AUTO.OL,50.0,Computer Hardware,Hardware,pillar,,derived from legacy category,,True,True
PPTA,Perpetua Resources,PPTA,CA7142661031,PPTA,PPTA,Edelmetalle ‚õèÔ∏è,,,,USD,bull,0.05534841749971964,bear,-0.31687944796652057,2026-02-16,28.860000610351562,210.65662786714384,20.75612500667572,0.3904329734509413,0.2949685728310658,0.8151710324510352,0.6426447037854297,0.3172136393978049,2115130.0,61042653.0909729,18.53,53.46,65.13,66.0,MED,"{""coverage"": 1.0, ""confluence"": 0.4, ""risk_clean"": 0.6666666666666666, ""regime_align"": 0.755877034358047, ""liquidity"": 0.25, ""weights"": {""coverage"": 0.25, ""confluence"": 0.25, ""risk_clean"": 0.2, ""regime_align"": 0.2, ""liquidity"": 0.1}}",2.54,"{""penalty_points"": 2.54, ""label"": ""low"", ""category"": ""Edelmetalle ‚õèÔ∏è"", ""category_share"": 0.2658, ""category_penalty"": 2.54, ""crypto_share"": 0.0, ""crypto_penalty"": 0.0}",,bull,stock,,,,0.05534841749971964,PPTA,Perpetua Resources,CA7142661031,PPTA,PPTA,Edelmetalle ‚õèÔ∏è,Basic Materials,Other Precious Metals & Mining,United States,USD,28.860000610351562,210.65662786714384,18.53,66.0,2.54,0.2949685728310658,0.3904329734509413,20.75612500667572,0.8151710324510352,0.6426447037854297,0.3172136393978049,2115130.0,61042653.0909729,bull,0.05534841749971964,bear,-0.31687944796652057,2026-02-16,True,True,False,OK,,,PPTA,PPTA,50.0,Other Precious Metals & Mining,Fundament,pillar,55,heuristic from official taxonomy,"materials, mining",True,True
FLNC,FLUENCE ENER.,FLNC,US34379V1035,FLNC,FLNC,Experimente,,,,USD,bull,0.05534841749971964,bear,-0.31687944796652057,2026-02-16,18.459999084472656,187.0917508133485,13.43237502336502,0.37429151973216257,0.11855374110486139,1.110061342394334,0.7074534054181101,0.5095108927162413,7448515.0,137499580.08068085,18.44,51.24,70.78,49.0,LOW,"{""coverage"": 1.0, ""confluence"": 0.0, ""risk_clean"": 0.3333333333333333, ""regime_align"": 0.6416241985862239, ""liquidity"": 0.44999999999999996, ""weights"": {""coverage"": 0.25, ""confluence"": 0.25, ""risk_clean"": 0.2, ""regime_align"": 0.2, ""liquidity"": 0.1}}",0.0,"{""penalty_points"": 0.0, ""label"": ""low"", ""category"": ""Experimente"", ""category_share"": 0.0506, ""category_penalty"": 0.0, ""crypto_share"": 0.0, ""crypto_penalty"": 0.0}",,bull,stock,,,,0.05534841749971964,FLNC,FLUENCE ENER.,US34379V1035,FLNC,FLNC,Experimente,Utilities,Utilities - Renewable,United States,USD,18.459999084472656,187.0917508133485,18.44,49.0,0.0,0.11855374110486139,0.37429151973216257,13.43237502336502,1.110061342394334,0.7074534054181101,0.5095108927162413,7448515.0,137499580.08068085,bull,0.05534841749971964,bear,-0.31687944796652057,2026-02-16,True,True,False,OK,,,FLNC,FLNC,50.0,Utilities - Renewable,Energie,pillar,45,heuristic from official taxonomy,"grid, storage, electrification",True,True
LUMN,LUMEN TECHN.,LUMN,US5502411037,LUMN,LUMN,Medien & Digitales üì±,,,,USD,bull,0.05534841749971964,bear,-0.31687944796652057,2026-02-16,8.390000343322754,82.39131559271016,6.255499997138977,0.3412197821373215,0.01580508581556961,0.8318402466345985,0.5109098113759327,0.47337277605647043,16670960.0,139869360.1235199,17.87,49.27,67.42,47.1,LOW,"{""coverage"": 1.0, ""confluence"": 0.0, ""risk_clean"": 0.3333333333333333, ""regime_align"": 0.5400295906625021, ""liquidity"": 0.4625, ""weights"": {""coverage"": 0.25, ""confluence"": 0.25, ""risk_clean"": 0.2, ""regime_align"": 0.2, ""liquidity"": 0.1}}",0.0,"{""penalty_points"": 0.0, ""label"": ""low"", ""category"": ""Medien & Digitales üì±"", ""category_share"": 0.0633, ""category_penalty"": 0.0, ""crypto_share"": 0.0, ""crypto_penalty"": 0.0}",,bull,stock,,,,0.05534841749971964,LUMN,LUMEN TECHN.,US5502411037,LUMN,LUMN,Medien & Digitales üì±,,,,USD,8.390000343322754,82.39131559271016,17.87,47.1,0.0,0.01580508581556961,0.3412197821373215,6.255499997138977,0.8318402466345985,0.5109098113759327,0.47337277605647043,16670960.0,139869360.1235199,bull,0.05534841749971964,bear,-0.31687944796652057,2026-02-16,True,True,False,OK,,,LUMN,LUMN,50.0,,,none,,,,True,True
CNC,CENTENE CORP.,CNC,US15135B1017,CNC,CNC,Pharma & Gesundheit,,,,USD,bull,0.05534841749971964,bear,-0.31687944796652057,2026-02-16,40.58000183105469,-28.631724594693452,40.21504992485046,0.009075008159537434,0.1069650376634359,0.6017357012847755,0.6397228956854483,0.6078706062300907,7332015.0,297533182.12532043,17.77,48.52,65.55,47.1,LOW,"{""coverage"": 1.0, ""confluence"": 0.0, ""risk_clean"": 0.3333333333333333, ""regime_align"": 0.46679270096991615, ""liquidity"": 0.6125, ""weights"": {""coverage"": 0.25, ""confluence"": 0.25, ""risk_clean"": 0.2, ""regime_align"": 0.2, ""liquidity"": 0.1}}",0.0,"{""penalty_points"": 0.0, ""label"": ""low"", ""category"": ""Pharma & Gesundheit"", ""category_share"": 0.0886, ""category_penalty"": 0.0, ""crypto_share"": 0.0, ""crypto_penalty"": 0.0}",,bull,stock,,,,0.05534841749971964,CNC,CENTENE CORP.,US15135B1017,CNC,CNC,Pharma & Gesundheit,,,,USD,40.58000183105469,-28.631724594693452,17.77,47.1,0.0,0.1069650376634359,0.009075008159537434,40.21504992485046,0.6017357012847755,0.6397228956854483,0.6078706062300907,7332015.0,297533182.12532043,bull,0.05534841749971964,bear,-0.31687944796652057,2026-02-16,True,True,False,OK,,,CNC,CNC,50.0,,,none,,,,True,True
XSDG.F,SAMSUNG SDI,XSDG.F,US7960542030,XSDG.F,XSDG.F,Energie,,,,EUR,bull,0.05534841749971964,bear,-0.31687944796652057,2026-02-16,54.599998474121094,58.17841758611917,36.24420763969422,0.5064475685853824,0.11773872608416136,0.6410202733256374,0.364675930805885,0.3901234458459174,8409.95,459183.2571674347,20.83,52.28,62.61,51.2,MED,"{""coverage"": 1.0, ""confluence"": 0.2, ""risk_clean"": 0.3333333333333333, ""regime_align"": 0.7132171625842512, ""liquidity"": 0.025000000000000022, ""weights"": {""coverage"": 0.25, ""confluence"": 0.25, ""risk_clean"": 0.2, ""regime_align"": 0.2, ""liquidity"": 0.1}}",0.0,"{""penalty_points"": 0.0, ""label"": ""low"", ""category"": ""Energie"", ""category_share"": 0.0886, ""category_penalty"": 0.0, ""crypto_share"": 0.0, ""crypto_penalty"": 0.0}",,bull,stock,,,,0.05534841749971964,XSDG.F,SAMSUNG SDI,US7960542030,XSDG.F,XSDG.F,Energie,,,,EUR,54.599998474121094,58.17841758611917,20.83,51.2,0.0,0.11773872608416136,0.5064475685853824,36.24420763969422,0.6410202733256374,0.364675930805885,0.3901234458459174,8409.95,459183.2571674347,bull,0.05534841749971964,bear,-0.31687944796652057,2026-02-16,True,False,False,OK,,,XSDG.F,XSDG.F,50.0,,Energie,pillar,,derived from legacy category,,True,False
SLVR.V,SILVER TIGER,SLVR.V,CA82831T1093,SLVR.V,SLVR.V,Edelmetalle ‚õèÔ∏è,,,,CAD,bull,0.05534841749971964,bear,-0.31687944796652057,2026-02-16,0.9200000166893005,178.78787276720783,0.686670001000166,0.33979934371572784,0.14943736711392308,0.8435616409206141,0.45897466167541856,0.3500000335276122,3278535.0,3016252.254716456,16.95,51.3,65.95,51.9,MED,"{""coverage"": 1.0, ""confluence"": 0.0, ""risk_clean"": 0.6666666666666666, ""regime_align"": 0.6412954134473121, ""liquidity"": 0.07499999999999996, ""weights"": {""coverage"": 0.25, ""confluence"": 0.25, ""risk_clean"": 0.2, ""regime_align"": 0.2, ""liquidity"": 0.1}}",2.54,"{""penalty_points"": 2.54, ""label"": ""low"", ""category"": ""Edelmetalle ‚õèÔ∏è"", ""category_share"": 0.2658, ""category_penalty"": 2.54, ""crypto_share"": 0.0, ""crypto_penalty"": 0.0}",,bull,stock,,,,0.05534841749971964,SLVR.V,SILVER TIGER,CA82831T1093,SLVR.V,SLVR.V,Edelmetalle ‚õèÔ∏è,,,,CAD,0.9200000166893005,178.78787276720783,16.95,51.9,2.54,0.14943736711392308,0.33979934371572784,0.686670001000166,0.8435616409206141,0.45897466167541856,0.3500000335276122,3278535.0,3016252.254716456,bull,0.05534841749971964,bear,-0.31687944796652057,2026-02-16,True,False,False,OK,,,SLVR.V,SLVR.V,50.0,,Fundament,pillar,,derived from legacy category,,True,False
AAGFF,AFTERMATH SILVER,AAGFF,CA00831V2057,AAGFF,AAGFF,Edelmetalle ‚õèÔ∏è,,,,USD,bull,0.05534841749971964,bear,-0.31687944796652057,2026-02-16,0.6830000281333923,77.8645891136774,0.5965050002932548,0.1450030222673988,0.25207060761705913,0.9073638208083986,0.4370882309971878,0.4049159027042465,1164990.0,795688.2027751207,16.1,50.82,68.52,48.9,LOW,"{""coverage"": 1.0, ""confluence"": 0.2, ""risk_clean"": 0.3333333333333333, ""regime_align"": 0.5946901200065757, ""liquidity"": 0.03749999999999998, ""weights"": {""coverage"": 0.25, ""confluence"": 0.25, ""risk_clean"": 0.2, ""regime_align"": 0.2, ""liquidity"": 0.1}}",2.54,"{""penalty_points"": 2.54, ""label"": ""low"", ""category"": ""Edelmetalle ‚õèÔ∏è"", ""category_share"": 0.2658, ""category_penalty"": 2.54, ""crypto_share"": 0.0, ""crypto_penalty"": 0.0}",,bull,stock,,,,0.05534841749971964,AAGFF,AFTERMATH SILVER,CA00831V2057,AAGFF,AAGFF,Edelmetalle ‚õèÔ∏è,,,,USD,0.6830000281333923,77.8645891136774,16.1,48.9,2.54,0.25207060761705913,0.1450030222673988,0.5965050002932548,0.9073638208083986,0.4370882309971878,0.4049159027042465,1164990.0,795688.2027751207,bull,0.05534841749971964,bear,-0.31687944796652057,2026-02-16,True,False,False,OK,,,AAGFF,AAGFF,50.0,,Fundament,pillar,,derived from legacy category,,True,False
DV.V,DOLLY VARDEN,DV.V,CA2568277834,DV.V,DV.V,Edelmetalle ‚õèÔ∏è,,,,CAD,bull,0.05534841749971964,bear,-0.31687944796652057,2026-02-16,6.139999866485596,46.19047965051921,5.53185000538826,0.10993607211059087,-0.0070351225278886265,0.6286234238229533,0.3934056185248739,0.3021738902832921,357910.0,2197567.3522138596,15.95,47.4,58.64,47.4,LOW,"{""coverage"": 1.0, ""confluence"": 0.0, ""risk_clean"": 0.6666666666666666, ""regime_align"": 0.4238040440572086, ""liquidity"": 0.0625, ""weights"": {""coverage"": 0.25, ""confluence"": 0.25, ""risk_clean"": 0.2, ""regime_align"": 0.2, ""liquidity"": 0.1}}",2.54,"{""penalty_points"": 2.54, ""label"": ""low"", ""category"": ""Edelmetalle ‚õèÔ∏è"", ""category_share"": 0.2658, ""category_penalty"": 2.54, ""crypto_share"": 0.0, ""crypto_penalty"": 0.0}",,bull,stock,,,,0.05534841749971964,DV.V,DOLLY VARDEN,CA2568277834,DV.V,DV.V,Edelmetalle ‚õèÔ∏è,,,,CAD,6.139999866485596,46.19047965051921,15.95,47.4,2.54,-0.0070351225278886265,0.10993607211059087,5.53185000538826,0.6286234238229533,0.3934056185248739,0.3021738902832921,357910.0,2197567.3522138596,bull,0.05534841749971964,bear,-0.31687944796652057,2026-02-16,True,False,False,OK,,,DV.V,DV.V,50.0,,Fundament,pillar,,derived from legacy category,,True,False
MGMA.V,MAGMA SILVER,MGMA.V,CA5589221004,MGMA.V,MGMA.V,Edelmetalle ‚õèÔ∏è,,,,CAD,bull,0.05534841749971964,bear,-0.31687944796652057,2026-02-16,0.3100000023841858,148.00000190734863,0.21684999987483025,0.429559615232296,0.2911040688604076,1.3656645969388825,0.6192131926398384,0.6530612275929115,347784.85,107813.3043291837,15.65,53.72,79.64,57.2,MED,"{""coverage"": 1.0, ""confluence"": 0.4, ""risk_clean"": 0.3333333333333333, ""regime_align"": 0.7755219464080223, ""liquidity"": 0, ""weights"": {""coverage"": 0.25, ""confluence"": 0.25, ""risk_clean"": 0.2, ""regime_align"": 0.2, ""liquidity"": 0.1}}",2.54,"{""penalty_points"": 2.54, ""label"": ""low"", ""category"": ""Edelmetalle ‚õèÔ∏è"", ""category_share"": 0.2658, ""category_penalty"": 2.54, ""crypto_share"": 0.0, ""crypto_penalty"": 0.0}",,bull,stock,,,,0.05534841749971964,MGMA.V,MAGMA SILVER,CA5589221004,MGMA.V,MGMA.V,Edelmetalle ‚õèÔ∏è,,,,CAD,0.3100000023841858,148.00000190734863,15.65,57.2,2.54,0.2911040688604076,0.429559615232296,0.21684999987483025,1.3656645969388825,0.6192131926398384,0.6530612275929115,347784.85,107813.3043291837,bull,0.05534841749971964,bear,-0.31687944796652057,2026-02-16,True,False,False,OK,,,MGMA.V,MGMA.V,50.0,,Fundament,pillar,,derived from legacy category,,True,False
MA,MASTERCARD INC,MA,US57636Q1040,MA,MA,Finanzen,,,,USD,bull,0.05534841749971964,bear,-0.31687944796652057,2026-02-16,518.3599853515625,-7.685934719571685,562.7427746582031,-0.07886869686349618,-0.08302103542359862,0.23452246711480837,0.1784766573936863,0.16725361808092987,4364225.0,2262239607.070923,23.65,44.06,23.77,57.7,MED,"{""coverage"": 1.0, ""confluence"": 0.0, ""risk_clean"": 1.0, ""regime_align"": 0.22431366102252176, ""liquidity"": 0.825, ""weights"": {""coverage"": 0.25, ""confluence"": 0.25, ""risk_clean"": 0.2, ""regime_align"": 0.2, ""liquidity"": 0.1}}",0.0,"{""penalty_points"": 0.0, ""label"": ""low"", ""category"": ""Finanzen"", ""category_share"": 0.038, ""category_penalty"": 0.0, ""crypto_share"": 0.0, ""crypto_penalty"": 0.0}",,bull,stock,,,,0.05534841749971964,MA,MASTERCARD INC,US57636Q1040,MA,MA,Finanzen,,,,USD,518.3599853515625,-7.685934719571685,23.65,57.7,0.0,-0.08302103542359862,-0.07886869686349618,562.7427746582031,0.23452246711480837,0.1784766573936863,0.16725361808092987,4364225.0,2262239607.070923,bull,0.05534841749971964,bear,-0.31687944796652057,2026-02-16,False,True,False,OK,,,MA,MA,50.0,,,none,,,,False,True
3750.HK,CONT.AMPEREX (CATL),3750.HK,CNE100006WS8,3750.HK,3750.HK,Energie,,,,HKD,bull,0.05534841749971964,bear,-0.31687944796652057,2026-02-16,531.5,74.04078761182218,,,-0.05965354570227621,0.3951811145528536,0.22321787065137375,0.23832923832923836,2439089.3,1296375962.9499998,22.87,46.53,35.13,60.3,MED,"{""coverage"": 1.0, ""confluence"": 0.0, ""risk_clean"": 1.0, ""regime_align"": 0.3829113924050633, ""liquidity"": 0.7625, ""weights"": {""coverage"": 0.25, ""confluence"": 0.25, ""risk_clean"": 0.2, ""regime_align"": 0.2, ""liquidity"": 0.1}}",0.0,"{""penalty_points"": 0.0, ""label"": ""low"", ""category"": ""Energie"", ""category_share"": 0.0886, ""category_penalty"": 0.0, ""crypto_share"": 0.0, ""crypto_penalty"": 0.0}",,bull,stock,,,,0.05534841749971964,3750.HK,CONT.AMPEREX (CATL),CNE100006WS8,3750.HK,3750.HK,Energie,,,,HKD,531.5,74.04078761182218,22.87,60.3,0.0,-0.05965354570227621,,,0.3951811145528536,0.22321787065137375,0.23832923832923836,2439089.3,1296375962.9499998,bull,0.05534841749971964,bear,-0.31687944796652057,2026-02-16,False,True,False,OK,,,3750.HK,3750.HK,50.0,,Energie,pillar,,derived from legacy category,,False,True
DB1.DE,DEUTSCHE BANK,DB1.DE,DE0005140008,DB1.DE,DB1.DE,Finanzen,,,,EUR,bull,0.05534841749971964,bear,-0.31687944796652057,2026-02-16,218.0,-9.803544259045305,241.35711219787598,-0.09677407881283695,0.042632072390918374,0.2399183723431322,0.18391512730905832,0.2960801131219616,528589.6,115232532.8,22.68,46.3,35.3,55.8,MED,"{""coverage"": 1.0, ""confluence"": 0.0, ""risk_clean"": 1.0, ""regime_align"": 0.33141542002301494, ""liquidity"": 0.4125, ""weights"": {""coverage"": 0.25, ""confluence"": 0.25, ""risk_clean"": 0.2, ""regime_align"": 0.2, ""liquidity"": 0.1}}",0.0,"{""penalty_points"": 0.0, ""label"": ""low"", ""category"": ""Finanzen"", ""category_share"": 0.038, ""category_penalty"": 0.0, ""crypto_share"": 0.0, ""crypto_penalty"": 0.0}",,bull,stock,,,,0.05534841749971964,DB1.DE,DEUTSCHE BANK,DE0005140008,DB1.DE,DB1.DE,Finanzen,Financial Services,Financial Data & Stock Exchanges,Germany,EUR,218.0,-9.803544259045305,22.68,55.8,0.0,0.042632072390918374,-0.09677407881283695,241.35711219787598,0.2399183723431322,0.18391512730905832,0.2960801131219616,528589.6,115232532.8,bull,0.05534841749971964,bear,-0.31687944796652057,2026-02-16,False,True,False,OK,,,DB1.DE,DB1.DE,50.0,Financial Data & Stock Exchanges,Gehirn,pillar,55,heuristic from official taxonomy,"ai, software, semis",False,True
0700.HK,TENCENT HLDGS,0700.HK,KYG875721634,0700.HK,0700.HK,Gehirn,,,,HKD,bull,0.05534841749971964,bear,-0.31687944796652057,2026-02-16,533.0,8.924783570437311,580.8608383178711,-0.08239639369814022,-0.1908213885139547,0.3000805988883863,0.22449712385301362,0.214760147601476,30971048.95,16507569090.35,21.98,43.08,28.64,58.0,MED,"{""coverage"": 1.0, ""confluence"": 0.0, ""risk_clean"": 1.0, ""regime_align"": 0.17351635706066088, ""liquidity"": 0.95, ""weights"": {""coverage"": 0.25, ""confluence"": 0.25, ""risk_clean"": 0.2, ""regime_align"": 0.2, ""liquidity"": 0.1}}",0.0,"{""penalty_points"": 0.0, ""label"": ""low"", ""category"": ""Gehirn"", ""category_share"": 0.038, ""category_penalty"": 0.0, ""crypto_share"": 0.0, ""crypto_penalty"": 0.0}",,bull,stock,,,,0.05534841749971964,0700.HK,TENCENT HLDGS,KYG875721634,0700.HK,0700.HK,Gehirn,,,,HKD,533.0,8.924783570437311,21.98,58.0,0.0,-0.1908213885139547,-0.08239639369814022,580.8608383178711,0.3000805988883863,0.22449712385301362,0.214760147601476,30971048.95,16507569090.35,bull,0.05534841749971964,bear,-0.31687944796652057,2026-02-16,False,True,False,OK,,,0700.HK,0700.HK,50.0,,Gehirn,pillar,,derived from legacy category,,False,True
FME.DE,FRESEN.MED.CARE,FME.DE,DE0005785802,FME.DE,FME.DE,Pharma & Gesundheit,,,,USD,bull,0.05534841749971964,bear,-0.31687944796652057,2026-02-16,40.869998931884766,-6.884400579179106,43.92628946304321,-0.06957770775812544,-0.02933881333138122,0.29162541792680247,0.2740118940026332,0.31440549054732114,877044.2,35844795.51721573,20.16,45.27,44.09,52.8,MED,"{""coverage"": 1.0, ""confluence"": 0.0, ""risk_clean"": 1.0, ""regime_align"": 0.2879335854019398, ""liquidity"": 0.19999999999999996, ""weights"": {""coverage"": 0.25, ""confluence"": 0.25, ""risk_clean"": 0.2, ""regime_align"": 0.2, ""liquidity"": 0.1}}",0.0,"{""penalty_points"": 0.0, ""label"": ""low"", ""category"": ""Pharma & Gesundheit"", ""category_share"": 0.0886, ""category_penalty"": 0.0, ""crypto_share"": 0.0, ""crypto_penalty"": 0.0}",,bull,stock,,,,0.05534841749971964,FME.DE,FRESEN.MED.CARE,DE0005785802,FME.DE,FME.DE,Pharma & Gesundheit,,,,USD,40.869998931884766,-6.884400579179106,20.16,52.8,0.0,-0.02933881333138122,-0.06957770775812544,43.92628946304321,0.29162541792680247,0.2740118940026332,0.31440549054732114,877044.2,35844795.51721573,bull,0.05534841749971964,bear,-0.31687944796652057,2026-02-16,False,True,False,OK,,,FME.DE,FME.DE,50.0,,,none,,,,False,True
JD,JD.COM ADR,JD,US47215P1066,JD,JD,E-Commerce,,,,USD,bull,0.05534841749971964,bear,-0.31687944796652057,2026-02-16,27.139999389648438,-32.479177897062506,31.78347494125366,-0.14609716401960127,-0.13369497498264493,0.373325964322805,0.23050029203757832,0.38199252111184545,9789190.0,265678610.6251526,18.92,43.07,43.22,47.4,LOW,"{""coverage"": 1.0, ""confluence"": 0.0, ""risk_clean"": 0.6666666666666666, ""regime_align"": 0.16652967285878678, ""liquidity"": 0.575, ""weights"": {""coverage"": 0.25, ""confluence"": 0.25, ""risk_clean"": 0.2, ""regime_align"": 0.2, ""liquidity"": 0.1}}",0.0,"{""penalty_points"": 0.0, ""label"": ""low"", ""category"": ""E-Commerce"", ""category_share"": 0.0127, ""category_penalty"": 0.0, ""crypto_share"": 0.0, ""crypto_penalty"": 0.0}",,bull,stock,,,,0.05534841749971964,JD,JD.COM ADR,US47215P1066,JD,JD,E-Commerce,,,,USD,27.139999389648438,-32.479177897062506,18.92,47.4,0.0,-0.13369497498264493,-0.14609716401960127,31.78347494125366,0.373325964322805,0.23050029203757832,0.38199252111184545,9789190.0,265678610.6251526,bull,0.05534841749971964,bear,-0.31687944796652057,2026-02-16,False,True,False,OK,,,JD,JD,50.0,,,none,,,,False,True
NFLX,NETFLIX INC.,NFLX,US64110L1061,NFLX,NFLX,Medien & Digitales üì±,,,,USD,bull,0.05534841749971964,bear,-0.31687944796652057,2026-02-16,76.87000274658203,-27.385223594014164,111.62476524353028,-0.31135351031757375,-0.35146104306730996,0.3291265128368642,0.25788544006974073,0.4335127747768319,55375070.0,4256681782.9921722,18.07,40.89,40.53,48.4,LOW,"{""coverage"": 1.0, ""confluence"": 0.0, ""risk_clean"": 0.6666666666666666, ""regime_align"": 0.04496136774617787, ""liquidity"": 0.9125, ""weights"": {""coverage"": 0.25, ""confluence"": 0.25, ""risk_clean"": 0.2, ""regime_align"": 0.2, ""liquidity"": 0.1}}",0.0,"{""penalty_points"": 0.0, ""label"": ""low"", ""category"": ""Medien & Digitales üì±"", ""category_share"": 0.0633, ""category_penalty"": 0.0, ""crypto_share"": 0.0, ""crypto_penalty"": 0.0}",,bull,stock,,,,0.05534841749971964,NFLX,NETFLIX INC.,US64110L1061,NFLX,NFLX,Medien & Digitales üì±,,,,USD,76.87000274658203,-27.385223594014164,18.07,48.4,0.0,-0.35146104306730996,-0.31135351031757375,111.62476524353028,0.3291265128368642,0.25788544006974073,0.4335127747768319,55375070.0,4256681782.9921722,bull,0.05534841749971964,bear,-0.31687944796652057,2026-02-16,False,True,False,OK,,,NFLX,NFLX,50.0,,,none,,,,False,True
1810.HK,XIAOMI CORP. CL.B,1810.HK,KYG9830T1067,1810.HK,1810.HK,Hardware üíª,,,,HKD,bull,0.05534841749971964,bear,-0.31687944796652057,2026-02-16,36.65999984741211,-18.803989793002618,48.25570001602173,-0.24029700459758419,-0.15754205287191114,0.45539436180880366,0.3437661046807383,0.4354115008648549,157945576.7,5790284817.721417,17.87,42.55,46.61,50.3,MED,"{""coverage"": 1.0, ""confluence"": 0.0, ""risk_clean"": 0.6666666666666666, ""regime_align"": 0.1342265329607102, ""liquidity"": 0.925, ""weights"": {""coverage"": 0.25, ""confluence"": 0.25, ""risk_clean"": 0.2, ""regime_align"": 0.2, ""liquidity"": 0.1}}",0.0,"{""penalty_points"": 0.0, ""label"": ""low"", ""category"": ""Hardware üíª"", ""category_share"": 0.0886, ""category_penalty"": 0.0, ""crypto_share"": 0.0, ""crypto_penalty"": 0.0}",,bull,stock,,,,0.05534841749971964,1810.HK,XIAOMI CORP. CL.B,KYG9830T1067,1810.HK,1810.HK,Hardware üíª,,,,HKD,36.65999984741211,-18.803989793002618,17.87,50.3,0.0,-0.15754205287191114,-0.24029700459758419,48.25570001602173,0.45539436180880366,0.3437661046807383,0.4354115008648549,157945576.7,5790284817.721417,bull,0.05534841749971964,bear,-0.31687944796652057,2026-02-16,False,True,False,OK,,,1810.HK,1810.HK,50.0,,Hardware,pillar,,derived from legacy category,,False,True
NOVO-B.CO,NOVO-NORDISK,NOVO-B.CO,DK0062498333,NOVO-B.CO,NOVO-B.CO,Pharma & Gesundheit,,,,DKK,bull,0.05534841749971964,bear,-0.31687944796652057,2026-02-16,309.79998779296875,-44.0358209521323,372.2520002746582,-0.16776810449805657,0.05054202742206759,0.544157006019103,0.44915405585122214,0.5606143508689013,9070244.45,2809961619.889242,17.81,46.04,57.67,46.3,LOW,"{""coverage"": 1.0, ""confluence"": 0.0, ""risk_clean"": 0.3333333333333333, ""regime_align"": 0.3117705079730396, ""liquidity"": 0.8375, ""weights"": {""coverage"": 0.25, ""confluence"": 0.25, ""risk_clean"": 0.2, ""regime_align"": 0.2, ""liquidity"": 0.1}}",0.0,"{""penalty_points"": 0.0, ""label"": ""low"", ""category"": ""Pharma & Gesundheit"", ""category_share"": 0.0886, ""category_penalty"": 0.0, ""crypto_share"": 0.0, ""crypto_penalty"": 0.0}",,bull,stock,,,,0.05534841749971964,NOVO-B.CO,NOVO-NORDISK,DK0062498333,NOVO-B.CO,NOVO-B.CO,Pharma & Gesundheit,,,,DKK,309.79998779296875,-44.0358209521323,17.81,46.3,0.0,0.05054202742206759,-0.16776810449805657,372.2520002746582,0.544157006019103,0.44915405585122214,0.5606143508689013,9070244.45,2809961619.889242,bull,0.05534841749971964,bear,-0.31687944796652057,2026-02-16,False,True,False,OK,,,NOVO-B.CO,NOVO-B.CO,50.0,,,none,,,,False,True
FIGR,Figure Technology Solutions,FIGR,US3493811034,FIGR,FIGR,Finanzen üè¶,,,,USD,bull,0.05534841749971964,bear,-0.31687944796652057,2026-02-16,35.290000915527344,13.436194867141605,,,0.0027908821472755196,1.0485801742329515,0.5062933896885665,0.5389663228983399,4405020.0,155453159.83291626,16.86,47.93,68.05,45.7,LOW,"{""coverage"": 1.0, ""confluence"": 0.0, ""risk_clean"": 0.3333333333333333, ""regime_align"": 0.4525316455696202, ""liquidity"": 0.5, ""weights"": {""coverage"": 0.25, ""confluence"": 0.25, ""risk_clean"": 0.2, ""regime_align"": 0.2, ""liquidity"": 0.1}}",0.0,"{""penalty_points"": 0.0, ""label"": ""low"", ""category"": ""Finanzen üè¶"", ""category_share"": 0.0127, ""category_penalty"": 0.0, ""crypto_share"": 0.0, ""crypto_penalty"": 0.0}",,bull,stock,,,,0.05534841749971964,FIGR,Figure Technology Solutions,US3493811034,FIGR,FIGR,Finanzen üè¶,Financial Services,Capital Markets,United States,USD,35.290000915527344,13.436194867141605,16.86,45.7,0.0,0.0027908821472755196,,,1.0485801742329515,0.5062933896885665,0.5389663228983399,4405020.0,155453159.83291626,bull,0.05534841749971964,bear,-0.31687944796652057,2026-02-16,False,True,False,OK,,,FIGR,FIGR,50.0,Capital Markets,,none,,,,False,True
SPOT,SPOTIFY TECH.,SPOT,LU1778762911,SPOT,SPOT,Medien & Digitales üì±,,,,USD,bull,0.05534841749971964,bear,-0.31687944796652057,2026-02-16,458.3399963378906,-28.180137014927688,641.9075981140137,-0.28597200331552763,-0.3072049551312288,0.4662001932537225,0.3336434336173074,0.4680371349237977,4094855.0,1876835825.704193,16.71,41.24,48.11,47.6,LOW,"{""coverage"": 1.0, ""confluence"": 0.0, ""risk_clean"": 0.6666666666666666, ""regime_align"": 0.06411310208778563, ""liquidity"": 0.8, ""weights"": {""coverage"": 0.25, ""confluence"": 0.25, ""risk_clean"": 0.2, ""regime_align"": 0.2, ""liquidity"": 0.1}}",0.0,"{""penalty_points"": 0.0, ""label"": ""low"", ""category"": ""Medien & Digitales üì±"", ""category_share"": 0.0633, ""category_penalty"": 0.0, ""crypto_share"": 0.0, ""crypto_penalty"": 0.0}",,bull,stock,,,,0.05534841749971964,SPOT,SPOTIFY TECH.,LU1778762911,SPOT,SPOT,Medien & Digitales üì±,,,,USD,458.3399963378906,-28.180137014927688,16.71,47.6,0.0,-0.3072049551312288,-0.28597200331552763,641.9075981140137,0.4662001932537225,0.3336434336173074,0.4680371349237977,4094855.0,1876835825.704193,bull,0.05534841749971964,bear,-0.31687944796652057,2026-02-16,False,True,False,OK,,,SPOT,SPOT,50.0,,,none,,,,False,True
UNH,UNITEDHEALTH,UNH,US91324P1021,UNH,UNH,Pharma & Gesundheit,,,,USD,bull,0.05534841749971964,bear,-0.31687944796652057,2026-02-16,293.19000244140625,-42.616129877337784,317.3833167266846,-0.0762274291377214,-0.12979651893423183,0.5154719282267766,0.5219764103291895,0.6005506450395512,13393700.0,3926898935.699463,16.07,43.78,58.96,51.3,MED,"{""coverage"": 1.0, ""confluence"": 0.0, ""risk_clean"": 0.6666666666666666, ""regime_align"": 0.21181982574387637, ""liquidity"": 0.875, ""weights"": {""coverage"": 0.25, ""confluence"": 0.25, ""risk_clean"": 0.2, ""regime_align"": 0.2, ""liquidity"": 0.1}}",0.0,"{""penalty_points"": 0.0, ""label"": ""low"", ""category"": ""Pharma & Gesundheit"", ""category_share"": 0.0886, ""category_penalty"": 0.0, ""crypto_share"": 0.0, ""crypto_penalty"": 0.0}",,bull,stock,,,,0.05534841749971964,UNH,UNITEDHEALTH,US91324P1021,UNH,UNH,Pharma & Gesundheit,,,,USD,293.19000244140625,-42.616129877337784,16.07,51.3,0.0,-0.12979651893423183,-0.0762274291377214,317.3833167266846,0.5154719282267766,0.5219764103291895,0.6005506450395512,13393700.0,3926898935.699463,bull,0.05534841749971964,bear,-0.31687944796652057,2026-02-16,False,True,False,OK,,,UNH,UNH,50.0,,,none,,,,False,True
PYPL,PAYPAL HDGS,PYPL,US70450Y1038,PYPL,PYPL,Finanzen,,,,USD,bull,0.05534841749971964,bear,-0.31687944796652057,2026-02-16,40.290000915527344,-48.20682156033382,65.96745105743408,-0.3892442368214417,-0.39930535483358276,0.40700019173996027,0.36296643627904007,0.5017763639232091,29157115.0,1174740190.044136,15.86,40.57,50.04,46.3,LOW,"{""coverage"": 1.0, ""confluence"": 0.0, ""risk_clean"": 0.6666666666666666, ""regime_align"": 0.025645240835114255, ""liquidity"": 0.75, ""weights"": {""coverage"": 0.25, ""confluence"": 0.25, ""risk_clean"": 0.2, ""regime_align"": 0.2, ""liquidity"": 0.1}}",0.0,"{""penalty_points"": 0.0, ""label"": ""low"", ""category"": ""Finanzen"", ""category_share"": 0.038, ""category_penalty"": 0.0, ""crypto_share"": 0.0, ""crypto_penalty"": 0.0}",,bull,stock,,,,0.05534841749971964,PYPL,PAYPAL HDGS,US70450Y1038,PYPL,PYPL,Finanzen,,,,USD,40.290000915527344,-48.20682156033382,15.86,46.3,0.0,-0.39930535483358276,-0.3892442368214417,65.96745105743408,0.40700019173996027,0.36296643627904007,0.5017763639232091,29157115.0,1174740190.044136,bull,0.05534841749971964,bear,-0.31687944796652057,2026-02-16,False,True,False,OK,,,PYPL,PYPL,50.0,,,none,,,,False,True
TTAN,ServiceTitan,TTAN,US81764X1037,TTAN,TTAN,Tech üíª,,,,USD,bull,0.05534841749971964,bear,-0.31687944796652057,2026-02-16,62.7400016784668,-37.2913545579702,103.01564987182617,-0.39096630699773305,-0.3124231304732036,0.4968846887213273,0.32338039215978154,0.5304939014379142,1846325.0,115838433.59899521,14.98,40.73,54.75,43.3,LOW,"{""coverage"": 1.0, ""confluence"": 0.0, ""risk_clean"": 0.6666666666666666, ""regime_align"": 0.03180996218970902, ""liquidity"": 0.4375, ""weights"": {""coverage"": 0.25, ""confluence"": 0.25, ""risk_clean"": 0.2, ""regime_align"": 0.2, ""liquidity"": 0.1}}",0.0,"{""penalty_points"": 0.0, ""label"": ""low"", ""category"": ""Tech üíª"", ""category_share"": 0.0506, ""category_penalty"": 0.0, ""crypto_share"": 0.0, ""crypto_penalty"": 0.0}",,bull,stock,,,,0.05534841749971964,TTAN,ServiceTitan,US81764X1037,TTAN,TTAN,Tech üíª,Technology,Software - Application,United States,USD,62.7400016784668,-37.2913545579702,14.98,43.3,0.0,-0.3124231304732036,-0.39096630699773305,103.01564987182617,0.4968846887213273,0.32338039215978154,0.5304939014379142,1846325.0,115838433.59899521,bull,0.05534841749971964,bear,-0.31687944796652057,2026-02-16,False,True,False,OK,,,TTAN,TTAN,50.0,Software - Application,Gehirn,pillar,55,heuristic from official taxonomy,"ai, software, semis",False,True
ZETA,ZETA GLOBAL,ZETA,US98956A1051,ZETA,ZETA,Medien & Digitales üì±,,,,USD,bull,0.05534841749971964,bear,-0.31687944796652057,2026-02-16,15.460000038146973,-34.18475866842867,17.599000015258788,-0.12154099524161865,-0.1822220076884722,0.7405747748073671,0.39781795240217066,0.5536654427138396,9560595.0,147806799.06470776,14.52,42.91,63.67,39.7,LOW,"{""coverage"": 1.0, ""confluence"": 0.0, ""risk_clean"": 0.3333333333333333, ""regime_align"": 0.160364951504192, ""liquidity"": 0.48750000000000004, ""weights"": {""coverage"": 0.25, ""confluence"": 0.25, ""risk_clean"": 0.2, ""regime_align"": 0.2, ""liquidity"": 0.1}}",0.0,"{""penalty_points"": 0.0, ""label"": ""low"", ""category"": ""Medien & Digitales üì±"", ""category_share"": 0.0633, ""category_penalty"": 0.0, ""crypto_share"": 0.0, ""crypto_penalty"": 0.0}",,bull,stock,,,,0.05534841749971964,ZETA,ZETA GLOBAL,US98956A1051,ZETA,ZETA,Medien & Digitales üì±,,,,USD,15.460000038146973,-34.18475866842867,14.52,39.7,0.0,-0.1822220076884722,-0.12154099524161865,17.599000015258788,0.7405747748073671,0.39781795240217066,0.5536654427138396,9560595.0,147806799.06470776,bull,0.05534841749971964,bear,-0.31687944796652057,2026-02-16,False,True,False,OK,,,ZETA,ZETA,50.0,,,none,,,,False,True
MBLY,Mobileye Global,MBLY,US60741F1049,MBLY,MBLY,Tech üíª,,,,USD,bull,0.05534841749971964,bear,-0.31687944796652057,2026-02-16,9.1899995803833,-48.859210175073805,13.661299967765808,-0.32729684568325534,-0.2798860458738055,0.5682594842555642,0.3356048245134365,0.5597484459057231,9488665.0,87200827.36839771,14.24,41.18,59.62,36.3,LOW,"{""coverage"": 1.0, ""confluence"": 0.0, ""risk_clean"": 0.3333333333333333, ""regime_align"": 0.05745520302482328, ""liquidity"": 0.35, ""weights"": {""coverage"": 0.25, ""confluence"": 0.25, ""risk_clean"": 0.2, ""regime_align"": 0.2, ""liquidity"": 0.1}}",0.0,"{""penalty_points"": 0.0, ""label"": ""low"", ""category"": ""Tech üíª"", ""category_share"": 0.0506, ""category_penalty"": 0.0, ""crypto_share"": 0.0, ""crypto_penalty"": 0.0}",,bull,stock,,,,0.05534841749971964,MBLY,Mobileye Global,US60741F1049,MBLY,MBLY,Tech üíª,Consumer Cyclical,Auto Parts,Israel,USD,9.1899995803833,-48.859210175073805,14.24,36.3,0.0,-0.2798860458738055,-0.32729684568325534,13.661299967765808,0.5682594842555642,0.3356048245134365,0.5597484459057231,9488665.0,87200827.36839771,bull,0.05534841749971964,bear,-0.31687944796652057,2026-02-16,False,True,False,OK,,,MBLY,MBLY,50.0,Auto Parts,,none,,,,False,True
OGN,ORGANON + CO.,OGN,US68622V1061,OGN,OGN,Pharma & Gesundheit,,,,USD,bull,0.05534841749971964,bear,-0.31687944796652057,2026-02-16,7.389999866485596,-50.393895684364665,8.876963849067687,-0.16750817147219332,-0.04501933761588295,0.6197373862749699,0.5630807659067089,0.6051979856068499,6224385.0,45998204.318954945,14.13,44.36,70.04,38.5,LOW,"{""coverage"": 1.0, ""confluence"": 0.0, ""risk_clean"": 0.3333333333333333, ""regime_align"": 0.22965641952983726, ""liquidity"": 0.22499999999999998, ""weights"": {""coverage"": 0.25, ""confluence"": 0.25, ""risk_clean"": 0.2, ""regime_align"": 0.2, ""liquidity"": 0.1}}",0.0,"{""penalty_points"": 0.0, ""label"": ""low"", ""category"": ""Pharma & Gesundheit"", ""category_share"": 0.0886, ""category_penalty"": 0.0, ""crypto_share"": 0.0, ""crypto_penalty"": 0.0}",,bull,stock,,,,0.05534841749971964,OGN,ORGANON + CO.,US68622V1061,OGN,OGN,Pharma & Gesundheit,,,,USD,7.389999866485596,-50.393895684364665,14.13,38.5,0.0,-0.04501933761588295,-0.16750817147219332,8.876963849067687,0.6197373862749699,0.5630807659067089,0.6051979856068499,6224385.0,45998204.318954945,bull,0.05534841749971964,bear,-0.31687944796652057,2026-02-16,False,True,False,OK,,,OGN,OGN,50.0,,,none,,,,False,True
TEM,Tempus AI,TEM,US88023B1035,TEM,TEM,Pharma üß™,,,,USD,bull,0.05534841749971964,bear,-0.31687944796652057,2026-02-16,51.95000076293945,-41.916369247672115,70.0748998260498,-0.2586503742153414,-0.2528009435598555,0.8290015353551029,0.5108252155782079,0.5837433080726225,5328200.0,276799994.065094,12.79,41.6,67.86,39.2,LOW,"{""coverage"": 1.0, ""confluence"": 0.0, ""risk_clean"": 0.3333333333333333, ""regime_align"": 0.08326483642939339, ""liquidity"": 0.5875, ""weights"": {""coverage"": 0.25, ""confluence"": 0.25, ""risk_clean"": 0.2, ""regime_align"": 0.2, ""liquidity"": 0.1}}",0.0,"{""penalty_points"": 0.0, ""label"": ""low"", ""category"": ""Pharma üß™"", ""category_share"": 0.0253, ""category_penalty"": 0.0, ""crypto_share"": 0.0, ""crypto_penalty"": 0.0}",,bull,stock,,,,0.05534841749971964,TEM,Tempus AI,US88023B1035,TEM,TEM,Pharma üß™,Healthcare,Health Information Services,United States,USD,51.95000076293945,-41.916369247672115,12.79,39.2,0.0,-0.2528009435598555,-0.2586503742153414,70.0748998260498,0.8290015353551029,0.5108252155782079,0.5837433080726225,5328200.0,276799994.065094,bull,0.05534841749971964,bear,-0.31687944796652057,2026-02-16,False,True,False,OK,,,TEM,TEM,50.0,Health Information Services,,none,,,,False,True
COIN,COINBASE GLB.,COIN,US19260Q1076,COIN,COIN,Krypto-Infrastruktur ü™ô,,,,USD,bull,0.05534841749971964,bear,-0.31687944796652057,2026-02-16,164.32000732421875,-40.096967377530845,289.63230018615724,-0.43265993738058806,-0.437097262726593,0.7563631059735467,0.4652963845088283,0.6638953815137105,13518830.0,2221414244.614868,12.7,40.25,64.13,39.9,LOW,"{""coverage"": 1.0, ""confluence"": 0.0, ""risk_clean"": 0.3333333333333333, ""regime_align"": 0.006329113924050633, ""liquidity"": 0.8125, ""weights"": {""coverage"": 0.25, ""confluence"": 0.25, ""risk_clean"": 0.2, ""regime_align"": 0.2, ""liquidity"": 0.1}}",0.0,"{""penalty_points"": 0.0, ""label"": ""low"", ""category"": ""Krypto-Infrastruktur ü™ô"", ""category_share"": 0.0127, ""category_penalty"": 0.0, ""crypto_share"": 0.0, ""crypto_penalty"": 0.0}",,bull,stock,,,,0.05534841749971964,COIN,COINBASE GLB.,US19260Q1076,COIN,COIN,Krypto-Infrastruktur ü™ô,,,,USD,164.32000732421875,-40.096967377530845,12.7,39.9,0.0,-0.437097262726593,-0.43265993738058806,289.63230018615724,0.7563631059735467,0.4652963845088283,0.6638953815137105,13518830.0,2221414244.614868,bull,0.05534841749971964,bear,-0.31687944796652057,2026-02-16,False,True,False,OK,,,COIN,COIN,50.0,,,none,,,,False,True
VZLA.TO,VIZSLA SILVER,VZLA.TO,CA92859G6085,VZLA.TO,VZLA.TO,Edelmetalle ‚õèÔ∏è,,,,CAD,bull,0.05534841749971964,bear,-0.31687944796652057,2026-02-16,5.199999809265137,66.66666666666667,5.578350011110306,-0.06782475124214427,-0.21743011946910684,0.6591363435965247,0.5069615577584754,0.4686825102931941,3005155.0,15626805.426812172,11.44,43.09,66.8,36.9,LOW,"{""coverage"": 1.0, ""confluence"": 0.0, ""risk_clean"": 0.3333333333333333, ""regime_align"": 0.1805030412625349, ""liquidity"": 0.16249999999999998, ""weights"": {""coverage"": 0.25, ""confluence"": 0.25, ""risk_clean"": 0.2, ""regime_align"": 0.2, ""liquidity"": 0.1}}",2.54,"{""penalty_points"": 2.54, ""label"": ""low"", ""category"": ""Edelmetalle ‚õèÔ∏è"", ""category_share"": 0.2658, ""category_penalty"": 2.54, ""crypto_share"": 0.0, ""crypto_penalty"": 0.0}",,bull,stock,,,,0.05534841749971964,VZLA.TO,VIZSLA SILVER,CA92859G6085,VZLA.TO,VZLA.TO,Edelmetalle ‚õèÔ∏è,,,,CAD,5.199999809265137,66.66666666666667,11.44,36.9,2.54,-0.21743011946910684,-0.06782475124214427,5.578350011110306,0.6591363435965247,0.5069615577584754,0.4686825102931941,3005155.0,15626805.426812172,bull,0.05534841749971964,bear,-0.31687944796652057,2026-02-16,False,True,False,OK,,,VZLA.TO,VZLA.TO,50.0,,Fundament,pillar,,derived from legacy category,,False,True
SQ,BLOCK INC. A,SQ,US8522341036,SQ,SQ,Fintech,,,,USD,bull,0.05534841749971964,bear,-0.31687944796652057,2026-02-16,,,,,,,,,,,21.27,48.87,50.0,60.0,MED,"{""coverage"": 1.0, ""confluence"": 0.0, ""risk_clean"": 1.0, ""regime_align"": 0.5, ""liquidity"": 0.5, ""weights"": {""coverage"": 0.25, ""confluence"": 0.25, ""risk_clean"": 0.2, ""regime_align"": 0.2, ""liquidity"": 0.1}}",0.0,"{""penalty_points"": 0.0, ""label"": ""low"", ""category"": ""Fintech"", ""category_share"": 0.0127, ""category_penalty"": 0.0, ""crypto_share"": 0.0, ""crypto_penalty"": 0.0}",,bull,stock,,,,0.05534841749971964,SQ,BLOCK INC. A,US8522341036,SQ,SQ,Fintech,,,,USD,,,21.27,60.0,0.0,,,,,,,,,bull,0.05534841749971964,bear,-0.31687944796652057,2026-02-16,False,False,False,OK,,,SQ,SQ,50.0,,,none,,,,False,False
CDNL,Cardinal Infrastructure,CDNL,US14154A1025,CDNL,CDNL,,,,,USD,bull,0.05534841749971964,bear,-0.31687944796652057,2026-02-16,25.0,6.382978723404253,,,,0.7114720139454626,0.4089524845780135,0.2569982809417143,137870.0,3446750.0,19.47,48.87,58.56,49.2,LOW,"{""coverage"": 1.0, ""confluence"": 0.0, ""risk_clean"": 0.6666666666666666, ""regime_align"": 0.5, ""liquidity"": 0.08750000000000002, ""weights"": {""coverage"": 0.25, ""confluence"": 0.25, ""risk_clean"": 0.2, ""regime_align"": 0.2, ""liquidity"": 0.1}}",0.0,"{""penalty_points"": 0.0, ""label"": ""low"", ""category"": """", ""category_share"": 0.0, ""category_penalty"": 0.0, ""crypto_share"": 0.0, ""crypto_penalty"": 0.0}",,bull,stock,,,,0.05534841749971964,CDNL,Cardinal Infrastructure,US14154A1025,CDNL,CDNL,,Industrials,Engineering & Construction,United States,USD,25.0,6.382978723404253,19.47,49.2,0.0,,,,0.7114720139454626,0.4089524845780135,0.2569982809417143,137870.0,3446750.0,bull,0.05534841749971964,bear,-0.31687944796652057,2026-02-16,False,False,False,OK,,,CDNL,CDNL,50.0,Engineering & Construction,,none,,,,False,False
TTK.DE,TAKKT AG,TTK.DE,DE0007446007,TTK.DE,TTK.DE,Medien & Digitales üì±,,,,USD,bull,0.05534841749971964,bear,-0.31687944796652057,2026-02-16,3.7699999809265137,-49.34456378124806,5.074289045333862,-0.2570387797689071,-0.08870160989109876,0.3240804923549154,0.23992170247766104,0.5437191764598829,33160.65,125015.6498675108,16.74,42.96,53.26,41.5,LOW,"{""coverage"": 1.0, ""confluence"": 0.0, ""risk_clean"": 0.6666666666666666, ""regime_align"": 0.15304948216340622, ""liquidity"": 0.012499999999999956, ""weights"": {""coverage"": 0.25, ""confluence"": 0.25, ""risk_clean"": 0.2, ""regime_align"": 0.2, ""liquidity"": 0.1}}",0.0,"{""penalty_points"": 0.0, ""label"": ""low"", ""category"": ""Medien & Digitales üì±"", ""category_share"": 0.0633, ""category_penalty"": 0.0, ""crypto_share"": 0.0, ""crypto_penalty"": 0.0}",,bull,stock,,,,0.05534841749971964,TTK.DE,TAKKT AG,DE0007446007,TTK.DE,TTK.DE,Medien & Digitales üì±,,,,USD,3.7699999809265137,-49.34456378124806,16.74,41.5,0.0,-0.08870160989109876,-0.2570387797689071,5.074289045333862,0.3240804923549154,0.23992170247766104,0.5437191764598829,33160.65,125015.6498675108,bull,0.05534841749971964,bear,-0.31687944796652057,2026-02-16,False,False,False,OK,,,TTK.DE,TTK.DE,50.0,,,none,,,,False,False
GOT.V,GOLIATH RES,GOT.V,CA38171A2092,GOT.V,GOT.V,Edelmetalle ‚õèÔ∏è,,,,CAD,bull,0.05534841749971964,bear,-0.31687944796652057,2026-02-16,2.25,-3.846150319251662,2.4599249994754793,-0.08533796742593402,-0.1969911943551984,0.7639383570758361,0.503892731673036,0.483271391774187,633035.0,1424328.75,10.62,42.85,69.96,35.4,LOW,"{""coverage"": 1.0, ""confluence"": 0.0, ""risk_clean"": 0.3333333333333333, ""regime_align"": 0.16069373664310374, ""liquidity"": 0.050000000000000044, ""weights"": {""coverage"": 0.25, ""confluence"": 0.25, ""risk_clean"": 0.2, ""regime_align"": 0.2, ""liquidity"": 0.1}}",2.54,"{""penalty_points"": 2.54, ""label"": ""low"", ""category"": ""Edelmetalle ‚õèÔ∏è"", ""category_share"": 0.2658, ""category_penalty"": 2.54, ""crypto_share"": 0.0, ""crypto_penalty"": 0.0}",,bull,stock,,,,0.05534841749971964,GOT.V,GOLIATH RES,CA38171A2092,GOT.V,GOT.V,Edelmetalle ‚õèÔ∏è,,,,CAD,2.25,-3.846150319251662,10.62,35.4,2.54,-0.1969911943551984,-0.08533796742593402,2.4599249994754793,0.7639383570758361,0.503892731673036,0.483271391774187,633035.0,1424328.75,bull,0.05534841749971964,bear,-0.31687944796652057,2026-02-16,False,False,False,OK,,,GOT.V,GOT.V,50.0,,Fundament,pillar,,derived from legacy category,,False,False
