symbol,name,severity,signal,verdict,reality_score,intern,offiziell,scanner,market,score,bucket_type,pillar_primary,cluster_official,problems
1810.HK,XIAOMI CORP. CL.B,ok,OK,ok,1.0,S1 Hardware,Consumer Electronics,Consumer Electronics,Technology,10.92,pillar,S1 Hardware,Consumer Electronics,
6503.T,MITSUBISHI EL.,ok,OK,ok,1.0,S1 Hardware,Electrical Equipment & Parts,Electrical Equipment & Parts,Industrials,22.86,pillar,S1 Hardware,Electrical Equipment & Parts,
6861.T,KEYENCE CORP.,ok,OK,ok,1.0,S1 Hardware,Scientific & Technical Instruments,Scientific & Technical Instruments,Technology,10.59,pillar,S1 Hardware,Scientific & Technical Instruments,
9880.HK,UBTECH ROBOT.CORP.,ok,OK,ok,1.0,S1 Hardware,Specialty Industrial Machinery,Specialty Industrial Machinery,Industrials,3.41,pillar,S1 Hardware,Specialty Industrial Machinery,
ABBN.SW,ABB LTD. NA,ok,OK,ok,1.0,S1 Hardware,Electrical Equipment & Parts,Electrical Equipment & Parts,Industrials,21.38,pillar,S1 Hardware,Electrical Equipment & Parts,
ABT,Abbott Laboratories,ok,OK,ok,1.0,S1 Hardware,Medical Devices,Medical Devices,Healthcare,13.56,pillar,S1 Hardware,Medical Devices,
AUTO.OL,AUTOSTORE HOLDINGS,ok,OK,ok,1.0,S1 Hardware,Computer Hardware,Computer Hardware,Technology,1.79,pillar,S1 Hardware,Computer Hardware,
CGNX,COGNEX CORP.,ok,OK,ok,1.0,S1 Hardware,Scientific & Technical Instruments,Scientific & Technical Instruments,Technology,14.36,pillar,S1 Hardware,Scientific & Technical Instruments,
FANUY,FANUC CORP.,ok,OK,ok,1.0,S1 Hardware,Specialty Industrial Machinery,Specialty Industrial Machinery,Industrials,13.41,pillar,S1 Hardware,Specialty Industrial Machinery,
GMED,Globus Medical,ok,OK,ok,1.0,S1 Hardware,Medical Devices,Medical Devices,Healthcare,13.18,pillar,S1 Hardware,Medical Devices,
ISRG,INTUITIVE SURGICAL INC,ok,OK,ok,1.0,S1 Hardware,Medical Instruments & Supplies,Medical Instruments & Supplies,Healthcare,17.02,pillar,S1 Hardware,Medical Instruments & Supplies,
ROK,ROCKWELL AU.,ok,OK,ok,1.0,S1 Hardware,Specialty Industrial Machinery,Specialty Industrial Machinery,Industrials,17.23,pillar,S1 Hardware,Specialty Industrial Machinery,
SN.L,SMITH + NEP. DL,ok,OK,ok,1.0,S1 Hardware,Medical Devices,Medical Devices,Healthcare,17.6,pillar,S1 Hardware,Medical Devices,
SNN,SMITH & NEPHEW PLC,ok,OK,ok,1.0,S1 Hardware,Medical Devices,Medical Devices,Healthcare,15.3,pillar,S1 Hardware,Medical Devices,
SYK,STRYKER CORP,ok,OK,ok,1.0,S1 Hardware,Medical Devices,Medical Devices,Healthcare,17.41,pillar,S1 Hardware,Medical Devices,
SYM,Symbotic Inc.,ok,OK,ok,1.0,S1 Hardware,Specialty Industrial Machinery,Specialty Industrial Machinery,Industrials,2.12,pillar,S1 Hardware,Specialty Industrial Machinery,
TER,TERADYNE INC.,ok,OK,ok,1.0,S1 Hardware,Semiconductor Equipment & Materials,Semiconductor Equipment & Materials,Technology,23.56,pillar,S1 Hardware,Semiconductor Equipment & Materials,
YASKY,YASKAWA EL. CORP.,ok,OK,ok,1.0,S1 Hardware,Electrical Equipment & Parts,Electrical Equipment & Parts,Industrials,3.34,pillar,S1 Hardware,Electrical Equipment & Parts,
000660.KS,SK hynix Inc.,ok,OK,ok,1.0,S2 Gehirn,Semiconductors,Semiconductors,Technology,16.65,pillar,S2 Gehirn,Semiconductors,
005930.KS,"Samsung Electronics Co., Ltd.",ok,OK,ok,1.0,S2 Gehirn,Semiconductors,Semiconductors,Technology,19.54,pillar,S2 Gehirn,Semiconductors,
0700.HK,TENCENT HLDGS,ok,OK,ok,1.0,S2 Gehirn,Internet Content & Information,Internet Content & Information,Communication Services,19.83,pillar,S2 Gehirn,Internet Content & Information,
8035.T,Tokyo Electron Limited,ok,OK,ok,1.0,S2 Gehirn,Semiconductor Equipment & Materials,Semiconductor Equipment & Materials,Technology,14.79,pillar,S2 Gehirn,Semiconductor Equipment & Materials,
9888.HK,"Baidu, Inc. Class A",ok,OK,ok,1.0,S2 Gehirn,Internet Content & Information,Internet Content & Information,Communication Services,12.37,pillar,S2 Gehirn,Internet Content & Information,
9988.HK,Alibaba Group Holding Limited,ok,OK,ok,1.0,S2 Gehirn,Internet Retail,Internet Retail,Consumer Cyclical,10.81,pillar,S2 Gehirn,Internet Retail,
AMAT,"Applied Materials, Inc.",ok,OK,ok,1.0,S2 Gehirn,Semiconductor Equipment & Materials,Semiconductor Equipment & Materials,Technology,17.67,pillar,S2 Gehirn,Semiconductor Equipment & Materials,
AMKR,"Amkor Technology, Inc.",ok,OK,ok,1.0,S2 Gehirn,Semiconductor Equipment & Materials,Semiconductor Equipment & Materials,Technology,10.59,pillar,S2 Gehirn,Semiconductor Equipment & Materials,
AMZN,AMAZON.COM,ok,OK,ok,1.0,S2 Gehirn,Internet Retail,Internet Retail,Consumer Cyclical,16.71,pillar,S2 Gehirn,Internet Retail,
APLD,Applied Digital,ok,OK,ok,1.0,S2 Gehirn,Information Technology Services,Information Technology Services,Technology,5.95,pillar,S2 Gehirn,Information Technology Services,
ASML,ASML HOLDING,ok,OK,ok,1.0,S2 Gehirn,Semiconductor Equipment & Materials,Semiconductor Equipment & Materials,Technology,26.11,pillar,S2 Gehirn,Semiconductor Equipment & Materials,
ASX,"ASE Technology Holding Co., Ltd.",ok,OK,ok,1.0,S2 Gehirn,Semiconductors,Semiconductors,Technology,16.68,pillar,S2 Gehirn,Semiconductors,
BIDU,BAIDU INC,ok,OK,ok,1.0,S2 Gehirn,Internet Content & Information,Internet Content & Information,Communication Services,9.2,pillar,S2 Gehirn,Internet Content & Information,
DVLT,Datavault AI Inc.,ok,OK,ok,1.0,S2 Gehirn,Software - Infrastructure,Software - Infrastructure,Technology,0.0,pillar,S2 Gehirn,Software - Infrastructure,
GOOGL,ALPHABET INC.A,ok,OK,ok,1.0,S2 Gehirn,Internet Content & Information,Internet Content & Information,Communication Services,28.26,pillar,S2 Gehirn,Internet Content & Information,
IFX.DE,INFINEON TECH.,ok,OK,ok,1.0,S2 Gehirn,Semiconductors,Semiconductors,Technology,11.87,pillar,S2 Gehirn,Semiconductors,
JD,JD.COM ADR,ok,OK,ok,1.0,S2 Gehirn,Internet Retail,Internet Retail,Consumer Cyclical,9.72,pillar,S2 Gehirn,Internet Retail,
KLAC,KLA Corporation,ok,OK,ok,1.0,S2 Gehirn,Semiconductor Equipment & Materials,Semiconductor Equipment & Materials,Technology,15.77,pillar,S2 Gehirn,Semiconductor Equipment & Materials,
LRCX,Lam Research Corporation,ok,OK,ok,1.0,S2 Gehirn,Semiconductor Equipment & Materials,Semiconductor Equipment & Materials,Technology,16.21,pillar,S2 Gehirn,Semiconductor Equipment & Materials,
MELI,MercadoLibre Inc.,ok,OK,ok,1.0,S2 Gehirn,Internet Retail,Internet Retail,Consumer Cyclical,11.57,pillar,S2 Gehirn,Internet Retail,
META,META PLATFORMS INC,ok,OK,ok,1.0,S2 Gehirn,Internet Content & Information,Internet Content & Information,Communication Services,18.11,pillar,S2 Gehirn,Internet Content & Information,
MSFT,MICROSOFT DL,ok,OK,ok,1.0,S2 Gehirn,Software - Infrastructure,Software - Infrastructure,Technology,18.95,pillar,S2 Gehirn,Software - Infrastructure,
MU,MICRON TECHNOLOGY INC,ok,OK,ok,1.0,S2 Gehirn,Semiconductors,Semiconductors,Technology,23.09,pillar,S2 Gehirn,Semiconductors,
NVDA,NVIDIA CORP.,ok,OK,ok,1.0,S2 Gehirn,Semiconductors,Semiconductors,Technology,25.07,pillar,S2 Gehirn,Semiconductors,
NXP,NXP SEMICONDUCTORS NV,ok,OK,ok,1.0,S2 Gehirn,Asset Management,Asset Management,Financial Services,15.59,pillar,S2 Gehirn,Asset Management,
ON,ON SEMICOND.,ok,OK,ok,1.0,S2 Gehirn,Semiconductors,Semiconductors,Technology,13.68,pillar,S2 Gehirn,Semiconductors,
ORCL,ORACLE CORP,ok,OK,ok,1.0,S2 Gehirn,Software - Infrastructure,Software - Infrastructure,Technology,7.57,pillar,S2 Gehirn,Software - Infrastructure,
PLTR,PALANTIR TECHN.,ok,OK,ok,1.0,S2 Gehirn,Software - Infrastructure,Software - Infrastructure,Technology,15.66,pillar,S2 Gehirn,Software - Infrastructure,
SAP.DE,SAP SE O.N.,ok,OK,ok,1.0,S2 Gehirn,Software - Application,Software - Application,Technology,8.04,pillar,S2 Gehirn,Software - Application,
SNOW,SNOWFLAKE INC. A,ok,OK,ok,1.0,S2 Gehirn,Software - Application,Software - Application,Technology,1.15,pillar,S2 Gehirn,Software - Application,
TSMN.MX,TAIWAN SEMICON.MANU.ADR/5,ok,OK,ok,1.0,S2 Gehirn,Semiconductors,Semiconductors,Technology,30.04,pillar,S2 Gehirn,Semiconductors,
TTAN,ServiceTitan,ok,OK,ok,1.0,S2 Gehirn,Software - Application,Software - Application,Technology,0.26,pillar,S2 Gehirn,Software - Application,
ZETA,ZETA GLOBAL,ok,OK,ok,1.0,S2 Gehirn,Software - Infrastructure,Software - Infrastructure,Technology,13.07,pillar,S2 Gehirn,Software - Infrastructure,
0857.HK,PETROCHINA CO.,ok,OK,ok,1.0,S3 Energie,Oil & Gas Integrated,Oil & Gas Integrated,Energy,20.77,pillar,S3 Energie,Oil & Gas Integrated,
3750.HK,CONT.AMPEREX (CATL),ok,OK,ok,1.0,S3 Energie,Electrical Equipment & Parts,Electrical Equipment & Parts,Industrials,23.53,pillar,S3 Energie,Electrical Equipment & Parts,
ALB,ALBEMARLE CORP.,ok,OK,ok,1.0,S3 Energie,Specialty Chemicals,Specialty Chemicals,Basic Materials,7.52,pillar,S3 Energie,Specialty Chemicals,
CCJ,CAMECO CORP.,ok,OK,ok,1.0,S3 Energie,Uranium,Uranium,Energy,14.16,pillar,S3 Energie,Uranium,
CVX,CHEVRON CORP,ok,OK,ok,1.0,S3 Energie,Oil & Gas Integrated,Oil & Gas Integrated,Energy,18.41,pillar,S3 Energie,Oil & Gas Integrated,
ENR.DE,SIEMENS ENERGY,ok,OK,ok,1.0,S3 Energie,Specialty Industrial Machinery,Specialty Industrial Machinery,Industrials,10.3,pillar,S3 Energie,Specialty Industrial Machinery,
ETN,Eaton Corporation plc,ok,OK,ok,1.0,S3 Energie,Electrical Equipment & Parts,Electrical Equipment & Parts,Industrials,16.62,pillar,S3 Energie,Electrical Equipment & Parts,
FLNC,FLUENCE ENER.,ok,OK,ok,1.0,S3 Energie,Utilities - Renewable,Utilities - Renewable,Utilities,1.1,pillar,S3 Energie,Utilities - Renewable,
FSLR,FIRST SOLAR INC,ok,OK,ok,1.0,S3 Energie,Solar,Solar,Technology,12.4,pillar,S3 Energie,Solar,
KEP,KOREA EL. PWR ADR 1/2,ok,OK,ok,1.0,S3 Energie,Utilities - Regulated Electric,Utilities - Regulated Electric,Utilities,18.27,pillar,S3 Energie,Utilities - Regulated Electric,
NEE,"NextEra Energy, Inc.",ok,OK,ok,1.0,S3 Energie,Utilities - Regulated Electric,Utilities - Regulated Electric,Utilities,20.54,pillar,S3 Energie,Utilities - Regulated Electric,
OXY,OCCIDENTAL PET.,ok,OK,ok,1.0,S3 Energie,Oil & Gas E&P,Oil & Gas E&P,Energy,11.15,pillar,S3 Energie,Oil & Gas E&P,
SU.PA,Schneider Electric S.E.,ok,OK,ok,1.0,S3 Energie,Electrical Equipment & Parts,Electrical Equipment & Parts,Industrials,16.31,pillar,S3 Energie,Electrical Equipment & Parts,
UEC,URANIUM ENERGY CORP,ok,OK,ok,1.0,S3 Energie,Uranium,Uranium,Energy,4.94,pillar,S3 Energie,Uranium,
XOM,EXXON MOBIL CORP,ok,OK,ok,1.0,S3 Energie,Oil & Gas Integrated,Oil & Gas Integrated,Energy,21.11,pillar,S3 Energie,Oil & Gas Integrated,
XSDG.F,SAMSUNG SDI,ok,OK,ok,1.0,S3 Energie,Electrical Equipment & Parts,Electrical Equipment & Parts,Industrials,14.43,pillar,S3 Energie,Electrical Equipment & Parts,
YCA.L,YELLOW CAKE PLC,ok,OK,ok,1.0,S3 Energie,Uranium,Uranium,Energy,9.81,pillar,S3 Energie,Uranium,
2899.HK,ZIJIN MINING,ok,OK,ok,1.0,S4 Fundament,Gold,Gold,Basic Materials,19.87,pillar,S4 Fundament,Gold,
AAGFF,AFTERMATH SILVER,ok,OK,ok,1.0,S4 Fundament,Other Industrial Metals & Mining,Other Industrial Metals & Mining,Basic Materials,0.0,pillar,S4 Fundament,Other Industrial Metals & Mining,
ABX.TO,BARRICK MINING,ok,OK,ok,1.0,S4 Fundament,Gold,Gold,Basic Materials,24.56,pillar,S4 Fundament,Gold,
AEM,AGNICO EAGLE,ok,OK,ok,1.0,S4 Fundament,Gold,Gold,Basic Materials,33.97,pillar,S4 Fundament,Gold,
AG.TO,FIRST MAJESTIC,ok,OK,ok,1.0,S4 Fundament,Silver,Silver,Basic Materials,24.31,pillar,S4 Fundament,Silver,
AGI.TO,ALAMOS GOLD,ok,OK,ok,1.0,S4 Fundament,Gold,Gold,Basic Materials,21.83,pillar,S4 Fundament,Gold,
ASM.TO,AVINO SILVER,ok,OK,ok,1.0,S4 Fundament,Other Precious Metals & Mining,Other Precious Metals & Mining,Basic Materials,24.55,pillar,S4 Fundament,Other Precious Metals & Mining,
BTO.TO,B2GOLD CORP.,ok,OK,ok,1.0,S4 Fundament,Gold,Gold,Basic Materials,14.41,pillar,S4 Fundament,Gold,
CSTM,CONSTELLIUM SE,ok,OK,ok,1.0,S4 Fundament,Aluminum,Aluminum,Basic Materials,14.51,pillar,S4 Fundament,Aluminum,
DSV.TO,DISCOVERY SILVER,ok,OK,ok,1.0,S4 Fundament,Silver,Silver,Basic Materials,9.26,pillar,S4 Fundament,Silver,
DV.V,DOLLY VARDEN,ok,OK,ok,1.0,S4 Fundament,Silver,Silver,Basic Materials,0.0,pillar,S4 Fundament,Silver,
EDR.TO,ENDEAVOUR SILVER,ok,OK,ok,1.0,S4 Fundament,Silver,Silver,Basic Materials,8.74,pillar,S4 Fundament,Silver,
EQX.TO,EQUINOX GOLD,ok,OK,ok,1.0,S4 Fundament,Gold,Gold,Basic Materials,14.12,pillar,S4 Fundament,Gold,
FCX,FREEPORT-MCMORAN,ok,OK,ok,1.0,S4 Fundament,Copper,Copper,Basic Materials,12.67,pillar,S4 Fundament,Copper,
FRES.L,FRESNILLO PLC,ok,OK,ok,1.0,S4 Fundament,Other Precious Metals & Mining,Other Precious Metals & Mining,Basic Materials,31.06,pillar,S4 Fundament,Other Precious Metals & Mining,
GOT.V,GOLIATH RES,ok,OK,ok,1.0,S4 Fundament,Other Precious Metals & Mining,Other Precious Metals & Mining,Basic Materials,0.0,pillar,S4 Fundament,Other Precious Metals & Mining,
HL,HECLA MNG,ok,OK,ok,1.0,S4 Fundament,Other Precious Metals & Mining,Other Precious Metals & Mining,Basic Materials,15.53,pillar,S4 Fundament,Other Precious Metals & Mining,
HMY,Harmony Gold Mining Company,ok,OK,ok,1.0,S4 Fundament,Gold,Gold,Basic Materials,9.88,pillar,S4 Fundament,Gold,
LGO,LARGO INC,ok,OK,ok,1.0,S4 Fundament,Other Industrial Metals & Mining,Other Industrial Metals & Mining,Basic Materials,4.47,pillar,S4 Fundament,Other Industrial Metals & Mining,
MGMA.V,MAGMA SILVER,ok,OK,ok,1.0,S4 Fundament,Other Industrial Metals & Mining,Other Industrial Metals & Mining,Basic Materials,0.0,pillar,S4 Fundament,Other Industrial Metals & Mining,
NEM.AX,NEWMONT CORP.,ok,OK,ok,1.0,S4 Fundament,Gold,Gold,Basic Materials,22.79,pillar,S4 Fundament,Gold,
PAAS.TO,PAN AMER. SILVER,ok,OK,ok,1.0,S4 Fundament,Gold,Gold,Basic Materials,18.19,pillar,S4 Fundament,Gold,
PKX,POSCO HOL.ADR,ok,OK,ok,1.0,S4 Fundament,Steel,Steel,Basic Materials,17.03,pillar,S4 Fundament,Steel,
PPTA,Perpetua Resources,ok,OK,ok,1.0,S4 Fundament,Other Precious Metals & Mining,Other Precious Metals & Mining,Basic Materials,5.26,pillar,S4 Fundament,Other Precious Metals & Mining,
SLVR.V,SILVER TIGER,ok,OK,ok,1.0,S4 Fundament,Other Precious Metals & Mining,Other Precious Metals & Mining,Basic Materials,0.0,pillar,S4 Fundament,Other Precious Metals & Mining,
SOLB.BR,SOLVAY S.A. A,ok,OK,ok,1.0,S4 Fundament,Chemicals,Chemicals,Basic Materials,8.82,pillar,S4 Fundament,Chemicals,
VALE,VALE S.A.,ok,OK,ok,1.0,S4 Fundament,Other Industrial Metals & Mining,Other Industrial Metals & Mining,Basic Materials,22.59,pillar,S4 Fundament,Other Industrial Metals & Mining,
VZLA.TO,VIZSLA SILVER,ok,OK,ok,1.0,S4 Fundament,Other Industrial Metals & Mining,Other Industrial Metals & Mining,Basic Materials,0.0,pillar,S4 Fundament,Other Industrial Metals & Mining,
WPM.TO,WHEATON PREC.,ok,OK,ok,1.0,S4 Fundament,Gold,Gold,Basic Materials,33.22,pillar,S4 Fundament,Gold,
NDA.DE,AURUBIS AG,ok,OK,ok,1.0,S5 Recycling,Metal Fabrication,Metal Fabrication,Industrials,21.3,pillar,S5 Recycling,Metal Fabrication,
SGM.AX,Sims Limited,ok,OK,ok,1.0,S5 Recycling,Waste Management,Waste Management,Industrials,15.86,pillar,S5 Recycling,Waste Management,
TOM.OL,Tomra Systems ASA,ok,OK,ok,1.0,S5 Recycling,Specialty Industrial Machinery,Specialty Industrial Machinery,Industrials,8.08,pillar,S5 Recycling,Specialty Industrial Machinery,
UMI.BR,UMICORE,ok,OK,ok,1.0,S5 Recycling,Waste Management,Waste Management,Industrials,10.74,pillar,S5 Recycling,Waste Management,
CPB,CAMPBELLS CO.,ok,OK,ok,1.0,S11 Konsum,Packaged Foods,Packaged Foods,Consumer Defensive,2.85,pillar,S11 Konsum,Packaged Foods,
INGR,INGREDION INC,ok,OK,ok,1.0,S11 Konsum,Packaged Foods,Packaged Foods,Consumer Defensive,16.47,pillar,S11 Konsum,Packaged Foods,
KO,Coca-Cola,ok,OK,ok,1.0,S11 Konsum,Beverages - Non-Alcoholic,Beverages - Non-Alcoholic,Consumer Defensive,23.59,pillar,S11 Konsum,Beverages - Non-Alcoholic,
LC0A.MU,LUCKIN COFFEE,ok,OK,ok,1.0,S11 Konsum,Restaurants,Restaurants,Consumer Cyclical,12.1,pillar,S11 Konsum,Restaurants,
NESN.SW,NESTLE NAM.,ok,OK,ok,1.0,S11 Konsum,Packaged Foods,Packaged Foods,Consumer Defensive,16.45,pillar,S11 Konsum,Packaged Foods,
PEP,PepsiCo,ok,OK,ok,1.0,S11 Konsum,Beverages - Non-Alcoholic,Beverages - Non-Alcoholic,Consumer Defensive,21.49,pillar,S11 Konsum,Beverages - Non-Alcoholic,
PG,Procter & Gamble,ok,OK,ok,1.0,S11 Konsum,Household & Personal Products,Household & Personal Products,Consumer Defensive,20.07,pillar,S11 Konsum,Household & Personal Products,
PM,PHILIP MORRIS INTERNATIONAL INC,ok,OK,ok,1.0,S11 Konsum,Tobacco,Tobacco,Consumer Defensive,17.85,pillar,S11 Konsum,Tobacco,
MC.PA,LVMH EO,ok,OK,ok,1.0,S12 Luxus & Marken,Luxury Goods,Luxury Goods,Consumer Cyclical,7.11,pillar,S12 Luxus & Marken,Luxury Goods,
MNSO,MINISO GRP ADS,ok,OK,ok,1.0,S12 Luxus & Marken,Specialty Retail,Specialty Retail,Consumer Cyclical,6.43,pillar,S12 Luxus & Marken,Specialty Retail,
NKE,NIKE INC. B,ok,OK,ok,1.0,S12 Luxus & Marken,Footwear & Accessories,Footwear & Accessories,Consumer Cyclical,6.02,pillar,S12 Luxus & Marken,Footwear & Accessories,
RACE,Ferrari N.V.,ok,OK,ok,1.0,S12 Luxus & Marken,Auto Manufacturers,Auto Manufacturers,Consumer Cyclical,9.8,pillar,S12 Luxus & Marken,Auto Manufacturers,
RI.PA,PERNOD RICARD,ok,OK,ok,1.0,S12 Luxus & Marken,Beverages - Wineries & Distilleries,Beverages - Wineries & Distilleries,Consumer Defensive,6.28,pillar,S12 Luxus & Marken,Beverages - Wineries & Distilleries,
UAA,UNDER ARMOUR,ok,OK,ok,1.0,S12 Luxus & Marken,Apparel Manufacturing,Apparel Manufacturing,Consumer Cyclical,0.0,pillar,S12 Luxus & Marken,Apparel Manufacturing,
BAYN.DE,BAYER AG,ok,OK,ok,1.0,S13 Gesundheit,Drug Manufacturers - General,Drug Manufacturers - General,Healthcare,9.57,pillar,S13 Gesundheit,Drug Manufacturers - General,
CNC,CENTENE CORP.,ok,OK,ok,1.0,S13 Gesundheit,Healthcare Plans,Healthcare Plans,Healthcare,0.0,pillar,S13 Gesundheit,Healthcare Plans,
FME.DE,FRESEN.MED.CARE,ok,OK,ok,1.0,S13 Gesundheit,Medical Care Facilities,Medical Care Facilities,Healthcare,5.21,pillar,S13 Gesundheit,Medical Care Facilities,
INCY,INCYTE CORP,ok,OK,ok,1.0,S13 Gesundheit,Biotechnology,Biotechnology,Healthcare,23.02,pillar,S13 Gesundheit,Biotechnology,
JNJ,Johnson & Johnson,ok,OK,ok,1.0,S13 Gesundheit,Drug Manufacturers - General,Drug Manufacturers - General,Healthcare,28.58,pillar,S13 Gesundheit,Drug Manufacturers - General,
NOVO-B.CO,NOVO-NORDISK,ok,OK,ok,1.0,S13 Gesundheit,Drug Manufacturers - General,Drug Manufacturers - General,Healthcare,3.04,pillar,S13 Gesundheit,Drug Manufacturers - General,
OGN,ORGANON + CO.,ok,OK,ok,1.0,S13 Gesundheit,Drug Manufacturers - General,Drug Manufacturers - General,Healthcare,0.0,pillar,S13 Gesundheit,Drug Manufacturers - General,
PFE,PFIZER INC.,ok,OK,ok,1.0,S13 Gesundheit,Drug Manufacturers - General,Drug Manufacturers - General,Healthcare,18.13,pillar,S13 Gesundheit,Drug Manufacturers - General,
TEM,Tempus AI,ok,OK,ok,1.0,S13 Gesundheit,Health Information Services,Health Information Services,Healthcare,0.0,pillar,S13 Gesundheit,Health Information Services,
UNH,UNITEDHEALTH,ok,OK,ok,1.0,S13 Gesundheit,Healthcare Plans,Healthcare Plans,Healthcare,2.09,pillar,S13 Gesundheit,Healthcare Plans,
AAPL,Apple Inc.,ok,OK,ok,1.0,S14 Kommunikations- & Alltagsinfrastruktur,Consumer Electronics,Consumer Electronics,Technology,19.56,pillar,S14 Kommunikations- & Alltagsinfrastruktur,Consumer Electronics,
ASTS,"AST SpaceMobile, Inc.",ok,OK,ok,1.0,S14 Kommunikations- & Alltagsinfrastruktur,Communication Equipment,Communication Equipment,Technology,10.2,pillar,S14 Kommunikations- & Alltagsinfrastruktur,Communication Equipment,
CDNL,Cardinal Infrastructure,ok,OK,ok,1.0,S14 Kommunikations- & Alltagsinfrastruktur,Engineering & Construction,Engineering & Construction,Industrials,7.7,pillar,S14 Kommunikations- & Alltagsinfrastruktur,Engineering & Construction,
LUMN,LUMEN TECHN.,ok,OK,ok,1.0,S14 Kommunikations- & Alltagsinfrastruktur,Telecom Services,Telecom Services,Communication Services,0.0,pillar,S14 Kommunikations- & Alltagsinfrastruktur,Telecom Services,
TTK.DE,TAKKT AG,ok,OK,ok,1.0,S14 Kommunikations- & Alltagsinfrastruktur,Business Equipment & Supplies,Business Equipment & Supplies,Industrials,0.0,pillar,S14 Kommunikations- & Alltagsinfrastruktur,Business Equipment & Supplies,
MBLY,Mobileye Global,ok,OK,ok,1.0,S15 Mobilität,Auto Parts,Auto Parts,Consumer Cyclical,0.0,pillar,S15 Mobilität,Auto Parts,
STLA,Stellantis N.V.,ok,OK,ok,1.0,S15 Mobilität,Auto Manufacturers,Auto Manufacturers,Consumer Cyclical,0.0,pillar,S15 Mobilität,Auto Manufacturers,
TSLA,Tesla,ok,OK,ok,1.0,S15 Mobilität,Auto Manufacturers,Auto Manufacturers,Consumer Cyclical,6.99,pillar,S15 Mobilität,Auto Manufacturers,
VOW3.DE,Volkswagen AG Vz.,ok,OK,ok,1.0,S15 Mobilität,Auto Manufacturers,Auto Manufacturers,Consumer Cyclical,8.31,pillar,S15 Mobilität,Auto Manufacturers,
NFLX,NETFLIX INC.,ok,OK,ok,1.0,S19 Medien & Unterhaltung,Entertainment,Entertainment,Communication Services,14.4,pillar,S19 Medien & Unterhaltung,Entertainment,
SPOT,SPOTIFY TECH.,ok,OK,ok,1.0,S19 Medien & Unterhaltung,Internet Content & Information,Internet Content & Information,Communication Services,8.98,pillar,S19 Medien & Unterhaltung,Internet Content & Information,
TME,TENCENT MUSIC ENTERTAINMENT GROUP,ok,OK,ok,1.0,S19 Medien & Unterhaltung,Internet Content & Information,Internet Content & Information,Communication Services,7.68,pillar,S19 Medien & Unterhaltung,Internet Content & Information,
PL,Planet Labs PBC,ok,OK,ok,1.0,S20 Sicherheit & Verteidigung,Aerospace & Defense,Aerospace & Defense,Industrials,11.57,pillar,S20 Sicherheit & Verteidigung,Aerospace & Defense,
RCAT,Red Cat Holdings,ok,OK,ok,1.0,S20 Sicherheit & Verteidigung,Aerospace & Defense,Aerospace & Defense,Industrials,9.19,pillar,S20 Sicherheit & Verteidigung,Aerospace & Defense,
RHM.DE,Rheinmetall AG,ok,OK,ok,1.0,S20 Sicherheit & Verteidigung,Aerospace & Defense,Aerospace & Defense,Industrials,23.39,pillar,S20 Sicherheit & Verteidigung,Aerospace & Defense,
RKLB,"Rocket Lab USA, Inc.",ok,OK,ok,1.0,S20 Sicherheit & Verteidigung,Aerospace & Defense,Aerospace & Defense,Industrials,10.73,pillar,S20 Sicherheit & Verteidigung,Aerospace & Defense,
CRYPTO:ADA,Cardano,warn,Warn,warn,0.9,S21 Finanzsystem,Digital Currency,Krypto,Cryptocurrency,0.0,pillar,S21 Finanzsystem,Krypto,missing: isin
ALV.DE,ALLIANZ SE,ok,OK,ok,1.0,S21 Finanzsystem,Insurance - Diversified,Insurance - Diversified,Financial Services,18.77,pillar,S21 Finanzsystem,Insurance - Diversified,
BLK,BLACKROCK INC,ok,OK,ok,1.0,S21 Finanzsystem,Asset Management,Asset Management,Financial Services,17.42,pillar,S21 Finanzsystem,Asset Management,
CRYPTO:BTC,Bitcoin,warn,Warn,warn,0.9,S21 Finanzsystem,Digital Currency,Krypto,Cryptocurrency,0.0,pillar,S21 Finanzsystem,Krypto,missing: isin
CME,CME Group Inc.,ok,OK,ok,1.0,S21 Finanzsystem,Financial Data & Stock Exchanges,Financial Data & Stock Exchanges,Financial Services,21.62,pillar,S21 Finanzsystem,Financial Data & Stock Exchanges,
COIN,COINBASE GLB.,ok,OK,ok,1.0,S21 Finanzsystem,Financial Data & Stock Exchanges,Financial Data & Stock Exchanges,Financial Services,8.03,pillar,S21 Finanzsystem,Financial Data & Stock Exchanges,
DB1.DE,DEUTSCHE BOERSE AG,ok,OK,ok,1.0,S21 Finanzsystem,Financial Data & Stock Exchanges,Financial Data & Stock Exchanges,Financial Services,16.53,pillar,S21 Finanzsystem,Financial Data & Stock Exchanges,
CRYPTO:ETH,Ethereum,warn,Warn,warn,0.9,S21 Finanzsystem,Digital Currency,Krypto,Cryptocurrency,0.0,pillar,S21 Finanzsystem,Krypto,missing: isin
FIGR,Figure Technology Solutions,ok,OK,ok,1.0,S21 Finanzsystem,Capital Markets,Capital Markets,Financial Services,4.66,pillar,S21 Finanzsystem,Capital Markets,
ICE,"Intercontinental Exchange, Inc.",ok,OK,ok,1.0,S21 Finanzsystem,Financial Data & Stock Exchanges,Financial Data & Stock Exchanges,Financial Services,16.82,pillar,S21 Finanzsystem,Financial Data & Stock Exchanges,
MA,MASTERCARD INC,ok,OK,ok,1.0,S21 Finanzsystem,Credit Services,Credit Services,Financial Services,19.54,pillar,S21 Finanzsystem,Credit Services,
NRDS,NERDWALLET INC,ok,OK,ok,1.0,S21 Finanzsystem,Internet Content & Information,Internet Content & Information,Communication Services,5.49,pillar,S21 Finanzsystem,Internet Content & Information,
PGY,Pagaya Technologies Ltd.,ok,OK,ok,1.0,S21 Finanzsystem,Software - Infrastructure,Software - Infrastructure,Technology,0.0,pillar,S21 Finanzsystem,Software - Infrastructure,
PYPL,PAYPAL HDGS,ok,OK,ok,1.0,S21 Finanzsystem,Credit Services,Credit Services,Financial Services,5.49,pillar,S21 Finanzsystem,Credit Services,
CRYPTO:SOL,SOLANA (KRYPTO),warn,Warn,warn,0.9,S21 Finanzsystem,Digital Currency,Krypto,Cryptocurrency,4.46,pillar,S21 Finanzsystem,Krypto,missing: isin
V,Visa Inc.,ok,OK,ok,1.0,S21 Finanzsystem,Credit Services,Credit Services,Financial Services,16.8,pillar,S21 Finanzsystem,Credit Services,
CRYPTO:XRP,XRP (KRYPTO),warn,Warn,warn,0.9,S21 Finanzsystem,Digital Currency,Krypto,Cryptocurrency,0.0,pillar,S21 Finanzsystem,Krypto,missing: isin
XYZ,BLOCK INC. A,ok,OK,ok,1.0,S21 Finanzsystem,Software - Infrastructure,Software - Infrastructure,Technology,5.54,pillar,S21 Finanzsystem,Software - Infrastructure,
ACB.TO,Aurora Cannabis,ok,OK,ok,1.0,Playground,Medical Devices,Medical Devices,Healthcare,0.59,playground,Playground,Medical Devices,
CRYPTO:DOGE,DOGECOIN (KRYPTO),warn,Warn,warn,0.9,Playground,Digital Currency,Krypto,Cryptocurrency,1.72,playground,Playground,Krypto,missing: isin
QBTS,D-Wave Quantum Inc.,ok,OK,ok,1.0,Playground,Computer Hardware,Computer Hardware,Technology,0.62,playground,Playground,Computer Hardware,
QS,QUANTUMSCAPE A,ok,OK,ok,1.0,Playground,Auto Parts,Auto Parts,Consumer Cyclical,0.0,playground,Playground,Auto Parts,
RGTI,"Rigetti Computing, Inc.",ok,OK,ok,1.0,Playground,Computer Hardware,Computer Hardware,Technology,0.02,playground,Playground,Computer Hardware,
RIGD.IL,RELIANCE INDS,ok,OK,ok,1.0,Playground,Oil & Gas Refining & Marketing,Oil & Gas Refining & Marketing,Energy,12.37,playground,Playground,Oil & Gas Refining & Marketing,
SMX,SMX (Security Matters) Public,ok,OK,ok,1.0,Playground,Specialty Business Services,Specialty Business Services,Industrials,0.0,playground,Playground,Specialty Business Services,
